;Name;Screen_size;Video_conf;Clusters_Screen/GPU
0;ASUS VivoBook 15 X512;"15""";Integrated;"Integrated GPU (15"">)"
1;ASUS Laptop 15 X509;"15""";External MS;"Ex. Mainstream GPU (15"">)"
2;ASUS TUF Gaming FX505;"15""";External GM;"Gamer GPU (15"">)"
3;"Xiaomi RedmiBook 14""";"14""";External MS;"Thin (13""-14"")"
4;Lenovo IdeaPad S340-15 AMD;"15""";Integrated;"Integrated GPU (15"">)"
5;ASUS ZenBook 14 UM431;"14""";Integrated;"Thin (13""-14"")"
6;Apple MacBook Pro 13 with Retina display and Touch Bar Mid 2019;"13""";Integrated;"Thin (13""-14"")"
7;Acer ASPIRE 3 (A315-54K);"15""";Integrated;"Integrated GPU (15"">)"
8;Lenovo IdeaPad S340-14 Intel;"14""";Integrated;"Thin (13""-14"")"
9;Lenovo Ideapad L340-15 AMD;"15""";Integrated;"Integrated GPU (15"">)"
10;HP 250 G6;"15""";Integrated;"Integrated GPU (15"">)"
11;ASUS M509;"15""";Integrated;"Integrated GPU (15"">)"
12;Lenovo Ideapad L340-15 Intel;"15""";External GM;"Gamer GPU (15"">)"
13;Lenovo Ideapad L340-17 AMD;"16"">";External GM;"Gamer GPU (15"">)"
14;HP 250 G7;"15""";Integrated;"Integrated GPU (15"">)"
15;ASUS VivoBook S15 S531;"15""";Integrated;"Integrated GPU (15"">)"
16;ASUS ZenBook 14 UX433;"14""";External MS;"Thin (13""-14"")"
17;Acer TravelMate P2 (TMP259);"15""";External MS;"Ex. Mainstream GPU (15"">)"
18;ASUS M570;"15""";External GM;"Gamer GPU (15"">)"
19;Lenovo Ideapad 330 15 Intel;"15""";External GM;"Gamer GPU (15"">)"
20;ASUS ZenBook UX410UA;"14""";Integrated;"Thin (13""-14"")"
21;Acer SWIFT 3 (SF314-58);"14""";Integrated;"Thin (13""-14"")"
22;ASUS VivoBook S13 S330;"13""";External MS;"Thin (13""-14"")"
23;ASUS VivoBook X543;None;Integrated;None
24;ASUS VivoBook 14 X403;"14""";Integrated;"Thin (13""-14"")"
25;Lenovo V130 15;"15""";Integrated;"Integrated GPU (15"">)"
26;Lenovo IdeaPad S145;None;External MS;None
27;ASUS VivoBook A512;"15""";Integrated;"Integrated GPU (15"">)"
28;"Xiaomi Mi Notebook Air 13.3"" 2019";"13""";External MS;"Thin (13""-14"")"
29;ASUS VivoBook 17 X712;"16"">";External MS;"Ex. Mainstream GPU (15"">)"
30;Acer Aspire 5 (A515-54);"15""";Integrated;"Integrated GPU (15"">)"
31;MSI GF63 Thin 9RCX;"15""";External GM;"Gamer GPU (15"">)"
32;Acer Aspire 3 (A315-42G);"15""";External GM;"Gamer GPU (15"">)"
33;Acer Aspire 3 (A315-42);"15""";Integrated;"Integrated GPU (15"">)"
34;Lenovo IdeaPad S340-15 Intel;"15""";External MS;"Ex. Mainstream GPU (15"">)"
35;DELL XPS 15 7590;"15""";External GM;"Gamer GPU (15"">)"
36;Lenovo Ideapad L340 (15) Gaming;None;External GM;None
37;Xiaomi Mi Notebook Pro 15.6 GTX;"15""";External GM;"Gamer GPU (15"">)"
38;ASUS VivoBook 15 X540;"15""";Integrated;"Integrated GPU (15"">)"
39;DELL Vostro 5590;"15""";External MS;"Ex. Mainstream GPU (15"">)"
40;ASUS E203MA;"<12""";Integrated;"Mini (<12"")"
41;ASUS ZenBook 15 UX533;"15""";External GM;"Gamer GPU (15"">)"
42;Acer ASPIRE 3 (A315-21);"15""";Integrated;"Integrated GPU (15"">)"
43;Xiaomi Mi Notebook Pro 15.6 2019;"15""";External MS;"Ex. Mainstream GPU (15"">)"
44;Acer Extensa 15 EX215-51;"15""";Integrated;"Integrated GPU (15"">)"
45;Apple MacBook Air 13 дисплей Retina с технологией True Tone Mid 2019;"13""";Integrated;"Thin (13""-14"")"
46;MSI Modern 14 A10M;"14""";Integrated;"Thin (13""-14"")"
47;HP Pavilion Gaming 15-ec0000;"15""";External GM;"Gamer GPU (15"">)"
48;HP PAVILION 17-cd0000;"16"">";External GM;"Gamer GPU (15"">)"
49;DELL Inspiron 5491 2-in-1;"14""";External MS;"Thin (13""-14"")"
50;"Xiaomi RedmiBook 14"" Enhanced Edition";"14""";External MS;"Thin (13""-14"")"
51;ASUS VivoBook X420;"14""";Integrated;"Thin (13""-14"")"
52;DELL Inspiron 3582;"15""";Integrated;"Integrated GPU (15"">)"
53;ASUS Zenbook 14 UX431;"14""";Integrated;"Thin (13""-14"")"
54;ASUS ZenBook Flip 15 UX563;"15""";External GM;"Gamer GPU (15"">)"
55;HP ProBook 430 G6;"13""";Integrated;"Thin (13""-14"")"
56;Lenovo Ideapad L340-17 Intel;"16"">";Integrated;"Integrated GPU (15"">)"
57;"HUAWEI MateBook D 15.6""";"15""";External None;None
58;ASUS TUF Gaming FX705;"16"">";External GM;"Gamer GPU (15"">)"
59;ASUS ZenBook 14 UX434;"14""";External MS;"Thin (13""-14"")"
60;ASUS ZenBook 13 UX333FA;"13""";Integrated;"Thin (13""-14"")"
61;Lenovo ThinkBook 15;"15""";External MS;"Ex. Mainstream GPU (15"">)"
62;"Xiaomi Mi Notebook Air 12.5"" 2019";"<12""";Integrated;"Mini (<12"")"
63;ASUS VivoBook X540;"15""";External MS;"Ex. Mainstream GPU (15"">)"
64;ASUS TUF Gaming FX505DT;"15""";External GM;"Gamer GPU (15"">)"
65;Acer Nitro 5 (AN515-54);"15""";External GM;"Gamer GPU (15"">)"
66;Apple MacBook Pro 16 with Retina display and Touch Bar Late 2019;"16"">";External MS;"Ex. Mainstream GPU (15"">)"
67;HUAWEI MateBook 13;"13""";External MS;"Thin (13""-14"")"
68;ASUS X507UA;"15""";Integrated;"Integrated GPU (15"">)"
69;Lenovo Legion Y540-15;"15""";External GM;"Gamer GPU (15"">)"
70;HP ProBook 440 G6;"14""";External MS;"Thin (13""-14"")"
71;HP Stream 11-aj0000;"<12""";Integrated;"Mini (<12"")"
72;ASUS ZenBook 15 UX534;"15""";None None;None
73;Lenovo V145;"15""";Integrated;"Integrated GPU (15"">)"
74;Lenovo V130 14;"14""";Integrated;"Thin (13""-14"")"
75;ASUS VivoBook 14 F412;"14""";Integrated;"Thin (13""-14"")"
76;MSI GL65 9SCK;"15""";External GM;"Gamer GPU (15"">)"
77;Xiaomi Mi Gaming Laptop 2019;"15""";External GM;"Gamer GPU (15"">)"
78;ASUS VivoBook Flip 14 TP412;"14""";Integrated;"Thin (13""-14"")"
79;Lenovo Yoga S740;None;External MS;None
80;HP 14-dk0000;"14""";Integrated;"Thin (13""-14"")"
81;ASUS PRO P1440;"14""";External MS;"Thin (13""-14"")"
82;HP 15-db1000;"15""";Integrated;"Integrated GPU (15"">)"
83;HP PAVILION 15-cw1000;"15""";Integrated;"Integrated GPU (15"">)"
84;Lenovo IdeaPad S340-14 AMD;"14""";Integrated;"Thin (13""-14"")"
85;ASUS X540MA;"15""";Integrated;"Integrated GPU (15"">)"
86;MSI GL65 9SDK;"15""";External GM;"Gamer GPU (15"">)"
87;HP PAVILION 14-dh0000 x360;"14""";Integrated;"Thin (13""-14"")"
88;Microsoft Surface Laptop;"13""";Integrated;"Thin (13""-14"")"
89;Acer Extensa 15 EX215-51KG;"15""";External MS;"Ex. Mainstream GPU (15"">)"
90;ASUS VivoBook 14 X412;"14""";Integrated;"Thin (13""-14"")"
91;Acer Extensa 15 EX215-51G;"15""";External MS;"Ex. Mainstream GPU (15"">)"
92;HP ProBook 455 G6;"15""";Integrated;"Integrated GPU (15"">)"
93;Lenovo Ideapad 530s 14 Intel;None;External MS;None
94;DELL G3 15 3590;"15""";External GM;"Gamer GPU (15"">)"
95;Acer ASPIRE 5 (A517-51G);"16"">";External MS;"Ex. Mainstream GPU (15"">)"
96;HUAWEI MateBook X Pro;"13""";External MS;"Thin (13""-14"")"
97;DELL Vostro 3584;"15""";Integrated;"Integrated GPU (15"">)"
98;Lenovo Yoga 530-14 Intel;"14""";Integrated;"Thin (13""-14"")"
99;DELL G5 15 5590;"15""";External GM;"Gamer GPU (15"">)"
100;ASUS ROG GL731;"16"">";External GM;"Gamer GPU (15"">)"
101;HP 15-db0000;"15""";Integrated;"Integrated GPU (15"">)"
102;Acer SWIFT 3 (SF314-57);"14""";Integrated;"Thin (13""-14"")"
103;HP ProBook 450 G6;"15""";External MS;"Ex. Mainstream GPU (15"">)"
104;DELL Inspiron 3593;"15""";External MS;"Ex. Mainstream GPU (15"">)"
105;Google Pixelbook;"<12""";Integrated;"Mini (<12"")"
106;Lenovo Ideapad 330 15 AMD;"15""";External MS;"Ex. Mainstream GPU (15"">)"
107;ASUS Vivobook 17 X705MA;"16"">";Integrated;"Integrated GPU (15"">)"
108;DELL G7 17 7790;"16"">";External GM;"Gamer GPU (15"">)"
109;DELL INSPIRON 5570;"15""";External MS;"Ex. Mainstream GPU (15"">)"
110;ASUS ZenBook Flip 14 UX463;"14""";External MS;"Thin (13""-14"")"
111;MSI GL75 9SCK;"16"">";External GM;"Gamer GPU (15"">)"
112;Lenovo V340-17;"16"">";External MS;"Ex. Mainstream GPU (15"">)"
113;Lenovo ThinkPad E14;"14""";External MS;"Thin (13""-14"")"
114;ASUS VivoBook 15 X505;"15""";Integrated;"Integrated GPU (15"">)"
115;HP 255 G7;"15""";Integrated;"Integrated GPU (15"">)"
116;MSI PS42 Modern 8RA;"14""";External MS;"Thin (13""-14"")"
117;Apple MacBook Air 13 Mid 2017;"13""";Integrated;"Thin (13""-14"")"
118;HP 15-rb000;"15""";Integrated;"Integrated GPU (15"">)"
119;HP 15-da0000;"15""";External MS;"Ex. Mainstream GPU (15"">)"
120;ASUS ROG Strix G GL531;"15""";External GM;"Gamer GPU (15"">)"
121;ASUS X571;None;None None;None
122;DELL INSPIRON 3573;None;None None;None
123;DELL Vostro 5490;"14""";External MS;"Thin (13""-14"")"
124;Acer SWIFT 3 (SF314-58G);"14""";External MS;"Thin (13""-14"")"
125;HP 14-cm0000;"14""";Integrated;"Thin (13""-14"")"
126;Haier U156;"15""";Integrated;"Integrated GPU (15"">)"
127;Lenovo THINKPAD X1 Carbon Ultrabook (7th Gen);"14""";Integrated;"Thin (13""-14"")"
128;ASUS ZenBook 14 UX433FA;"14""";Integrated;"Thin (13""-14"")"
129;Acer Extensa 15 EX215-21;"15""";Integrated;"Integrated GPU (15"">)"
130;Honor MagicBook AMD;"14""";Integrated;"Thin (13""-14"")"
131;Acer Nitro 5 (AN517-51);"16"">";External GM;"Gamer GPU (15"">)"
132;Xiaomi Mi Notebook 15.6 Lite;"15""";Integrated;"Integrated GPU (15"">)"
133;"Xiaomi Mi Notebook Air 12.5""";"<12""";Integrated;"Mini (<12"")"
134;Lenovo ThinkPad Edge E495;"14""";Integrated;"Thin (13""-14"")"
135;HP 17-ca0000;"16"">";Integrated;"Integrated GPU (15"">)"
136;Lenovo IdeaPad S540 15 Intel;"15""";External GM;"Gamer GPU (15"">)"
137;HP PAVILION 14-ce3000;"14""";Integrated;"Thin (13""-14"")"
138;Acer ASPIRE 3 (A317-51);"16"">";Integrated;"Integrated GPU (15"">)"
139;Acer Extensa 15 EX215-51K;"15""";Integrated;"Integrated GPU (15"">)"
140;Apple MacBook Pro 15 with Retina display Mid 2019;"15""";External MS;"Ex. Mainstream GPU (15"">)"
141;ASUS ZenBook 13 UX331UA;"13""";Integrated;"Thin (13""-14"")"
142;HP Envy 13-ad000;"13""";External MS;"Thin (13""-14"")"
143;Lenovo Ideapad L340 (17) Gaming;"16"">";External GM;"Gamer GPU (15"">)"
144;Acer ASPIRE E 15 (E5-576G);"15""";External MS;"Ex. Mainstream GPU (15"">)"
145;HP 14s-dq1000;"14""";Integrated;"Thin (13""-14"")"
146;Lenovo ThinkPad Edge E490;"14""";Integrated;"Thin (13""-14"")"
147;HP 15-da1000;"15""";Integrated;"Integrated GPU (15"">)"
148;ASUS VivoBook Flip 14 TP412UA;"14""";Integrated;"Thin (13""-14"")"
149;Xiaomi Mi Gaming Laptop;"15""";External GM;"Gamer GPU (15"">)"
150;ASUS VivoBook F512DA;"15""";Integrated;"Integrated GPU (15"">)"
151;ASUS VivoBook R540BA;"15""";Integrated;"Integrated GPU (15"">)"
152;ASUS X507UF;"15""";External MS;"Ex. Mainstream GPU (15"">)"
153;ASUS VivoBook S15 S532;"15""";External MS;"Ex. Mainstream GPU (15"">)"
154;Lenovo ThinkPad X280;"<12""";Integrated;"Mini (<12"")"
155;ASUS TUF Gaming FX505DD;"15""";External GM;"Gamer GPU (15"">)"
156;Honor MAGICBOOK PRO;"16"">";Integrated;"Integrated GPU (15"">)"
157;HP 15s-fq0000;"15""";Integrated;"Integrated GPU (15"">)"
158;ASUS VivoBook 17 M705;"16"">";None None;None
159;Irbis NB211;"<12""";Integrated;"Mini (<12"")"
160;Alienware Area-51m;"16"">";External GM;"Gamer GPU (15"">)"
161;MSI GL75 9SDK;"16"">";External GM;"Gamer GPU (15"">)"
162;Acer Nitro 5 (AN515-52);"15""";External GM;"Gamer GPU (15"">)"
163;Lenovo ThinkPad L13;"13""";Integrated;"Thin (13""-14"")"
164;Irbis NB241;"14""";Integrated;"Thin (13""-14"")"
165;HP Envy 13-ar0000 x360;"13""";Integrated;"Thin (13""-14"")"
166;"Xiaomi Mi Notebook Air 13.3"" 2018";"13""";External MS;"Thin (13""-14"")"
167;Apple MacBook Mid 2017;"<12""";Integrated;"Mini (<12"")"
168;Apple MacBook Late 2018;"<12""";Integrated;"Mini (<12"")"
169;ASUS X545;"15""";External MS;"Ex. Mainstream GPU (15"">)"
170;HP 17-by0000;"16"">";External MS;"Ex. Mainstream GPU (15"">)"
171;DELL XPS 13 7390;"13""";Integrated;"Thin (13""-14"")"
172;Xiaomi Mi Notebook Pro 15.6;"15""";External MS;"Ex. Mainstream GPU (15"">)"
173;ASUS Zenbook Flip UX562;"15""";External MS;"Ex. Mainstream GPU (15"">)"
174;Lenovo Ideapad 330s 15;"15""";External MS;"Ex. Mainstream GPU (15"">)"
175;HP PAVILION 15-dq0000 x360;"15""";None None;None
176;HP 15-dw0000;"15""";External MS;"Ex. Mainstream GPU (15"">)"
177;ASUS VivoBook A540;"15""";External MS;"Ex. Mainstream GPU (15"">)"
178;HP PAVILION 13-an1000;"13""";Integrated;"Thin (13""-14"")"
179;DELL G5 15 5587;"15""";External GM;"Gamer GPU (15"">)"
180;Acer ASPIRE ES1-732;"16"">";Integrated;"Integrated GPU (15"">)"
181;ASUS ZenBook Duo UX481;"14""";External MS;"Thin (13""-14"")"
182;DELL Inspiron 3584;"15""";External MS;"Ex. Mainstream GPU (15"">)"
183;HP 15-bs100;"15""";Integrated;"Integrated GPU (15"">)"
184;Acer SWIFT 3 (SF314-54);"14""";Integrated;"Thin (13""-14"")"
185;ASUS X751NA;"16"">";Integrated;"Integrated GPU (15"">)"
186;Acer ASPIRE 3 (A315-34);"15""";Integrated;"Integrated GPU (15"">)"
187;MSI GL65 9SEK;"15""";External GM;"Gamer GPU (15"">)"
188;ASUS TUF Gaming FX505DY;"15""";External GM;"Gamer GPU (15"">)"
189;ASUS TUF Gaming FX705DU;"16"">";External GM;"Gamer GPU (15"">)"
190;ASUS ROG G703;"16"">";External GM;"Gamer GPU (15"">)"
191;ASUS X541UV;"15""";External MS;"Ex. Mainstream GPU (15"">)"
192;HP 15-ra000;"15""";Integrated;"Integrated GPU (15"">)"
193;HP 14-cm1000;"14""";Integrated;"Thin (13""-14"")"
194;HP 15-bs000;"15""";External MS;"Ex. Mainstream GPU (15"">)"
195;DELL INSPIRON 3793;"16"">";External MS;"Ex. Mainstream GPU (15"">)"
196;HP OMEN 15-dc1000;"15""";External GM;"Gamer GPU (15"">)"
197;ASUS VivoBook S15 S530;"15""";External MS;"Ex. Mainstream GPU (15"">)"
198;Lenovo Ideapad S540 14 AMD;"14""";External GM;"Thin (13""-14"")"
199;Razer Blade Stealth 13.3;"13""";External MS;"Thin (13""-14"")"
200;HP EliteBook 850 G6;"15""";Integrated;"Integrated GPU (15"">)"
201;Acer ASPIRE 3 (A315-22);"15""";Integrated;"Integrated GPU (15"">)"
202;HP ProBook x360 440 G1;"14""";Integrated;"Thin (13""-14"")"
203;HP 240 G7;"14""";Integrated;"Thin (13""-14"")"
204;Acer Swift 3 (SF314-41);"14""";Integrated;"Thin (13""-14"")"
205;Prestigio SmartBook 133S;"13""";Integrated;"Thin (13""-14"")"
206;DELL Vostro 3590;"15""";External MS;"Ex. Mainstream GPU (15"">)"
207;HP 15s-fq1000;"15""";Integrated;"Integrated GPU (15"">)"
208;MSI MSI Modern 15 A10RB;"15""";External MS;"Ex. Mainstream GPU (15"">)"
209;ASUS VivoBook 17 X705UA;"16"">";Integrated;"Integrated GPU (15"">)"
210;HP OMEN 15-dh0000;"15""";External GM;"Gamer GPU (15"">)"
211;Acer ASPIRE 3 (A315-51);"15""";Integrated;"Integrated GPU (15"">)"
212;Acer Predator Helios 500 (PH517-61);"16"">";External GM;"Gamer GPU (15"">)"
213;Acer ASPIRE 3 (A315-53);"15""";Integrated;"Integrated GPU (15"">)"
214;Acer Extensa EX2540;"15""";Integrated;"Integrated GPU (15"">)"
215;ASUS ZenBook Pro 15 UX550GD;"15""";External GM;"Gamer GPU (15"">)"
216;HP 14s-dq0000;"14""";Integrated;"Thin (13""-14"")"
217;MSI Prestige 14 A10SC;"14""";External GM;"Thin (13""-14"")"
218;Lenovo Ideapad S540 14 intel;"14""";Integrated;"Thin (13""-14"")"
219;ASUS ZenBook 13 UX334;"13""";External MS;"Thin (13""-14"")"
220;HP 17-ca1000;"16"">";Integrated;"Integrated GPU (15"">)"
221;ASUS VivoBook S14 S430;"14""";None MS;"Thin (13""-14"")"
222;HP PAVILION 14-ce0000;"14""";External MS;"Thin (13""-14"")"
223;HP 15s-eq0000;"15""";Integrated;"Integrated GPU (15"">)"
224;Acer Aspire 3 (A315-54);"15""";Integrated;"Integrated GPU (15"">)"
225;HP PAVILION 14-ce2000;"14""";Integrated;"Thin (13""-14"")"
226;ASUS X540LA;"15""";Integrated;"Integrated GPU (15"">)"
227;Acer Predator Helios 300 (PH315-51);"15""";External GM;"Gamer GPU (15"">)"
228;HP PAVILION 15-cs3000;"15""";Integrated;"Integrated GPU (15"">)"
229;MSI P75 Creator 9SE;"16"">";External GM;"Gamer GPU (15"">)"
230;Acer SPIN 1 (SP111-32N);"<12""";Integrated;"Mini (<12"")"
231;ASUS PRO P3540;"15""";External MS;"Ex. Mainstream GPU (15"">)"
232;HP PAVILION 15-cs0000;"15""";Integrated;"Integrated GPU (15"">)"
233;Acer Aspire 3 (A315-55KG);"15""";External MS;"Ex. Mainstream GPU (15"">)"
234;Xiaomi Mi Notebook 15.6 2019;"15""";External MS;"Ex. Mainstream GPU (15"">)"
235;HP PAVILION 15-cs2000;"15""";External MS;"Ex. Mainstream GPU (15"">)"
236;Lenovo V330 14;"14""";Integrated;"Thin (13""-14"")"
237;HP EliteBook 840 G4;"14""";Integrated;"Thin (13""-14"")"
238;HP 15-bw000;"15""";External MS;"Ex. Mainstream GPU (15"">)"
239;Lenovo ThinkBook 13s;"13""";Integrated;"Thin (13""-14"")"
240;HP PAVILION 13-an0000;"13""";Integrated;"Thin (13""-14"")"
241;Lenovo IdeaPad S540-13;"13""";Integrated;"Thin (13""-14"")"
242;ASUS K543;"15""";Integrated;"Integrated GPU (15"">)"
243;ASUS VivoBook Pro 17 N705;"16"">";External GM;"Gamer GPU (15"">)"
244;ASUS F509;"15""";External None;None
245;ASUS X507MA;"15""";Integrated;"Integrated GPU (15"">)"
246;Acer ASPIRE ES1-572;"15""";Integrated;"Integrated GPU (15"">)"
247;Lenovo Ideapad 530s 15;"15""";External MS;"Ex. Mainstream GPU (15"">)"
248;MSI Prestige 15 A10SC;"15""";External GM;"Gamer GPU (15"">)"
249;Acer ASPIRE 3 (A315-53G);"15""";External MS;"Ex. Mainstream GPU (15"">)"
250;Xiaomi Mi Gaming Laptop Enhanced Edition;"15""";External GM;"Gamer GPU (15"">)"
251;HP PAVILION 15-ck000;"15""";Integrated;"Integrated GPU (15"">)"
252;Acer Aspire 3 (A315-55G);"15""";External MS;"Ex. Mainstream GPU (15"">)"
253;Lenovo Ideapad 330s 14 AMD;"14""";Integrated;"Thin (13""-14"")"
254;"Xiaomi RedmiBook 14"" Ryzen Edition";"14""";Integrated;"Thin (13""-14"")"
255;Acer Nitro 5 (AN515-42);"15""";External GM;"Gamer GPU (15"">)"
256;HP 14-ck0000;"14""";Integrated;"Thin (13""-14"")"
257;Razer Blade 15 Advanced (2019);"15""";External GM;"Gamer GPU (15"">)"
258;Microsoft Surface Laptop 3 15;"15""";Integrated;"Integrated GPU (15"">)"
259;Panasonic TOUGHBOOK CF-53;"14""";Integrated;"Thin (13""-14"")"
260;ASUS ROG Zephyrus S GX531;None;External GM;None
261;Lenovo THINKPAD T61;None;None None;None
262;DELL Latitude 3400;"14""";External MS;"Thin (13""-14"")"
263;ASUS ZenBook Pro 15 UX550GE;"15""";External GM;"Gamer GPU (15"">)"
264;DIGMA CITI E602;"15""";Integrated;"Integrated GPU (15"">)"
265;ASUS VivoBook 15 A505;"15""";Integrated;"Integrated GPU (15"">)"
266;DELL LATITUDE 5490;"14""";Integrated;"Thin (13""-14"")"
267;Acer SWIFT 3 (SF314-56);"14""";Integrated;"Thin (13""-14"")"
268;ASUS VivoBook 15 D540;"15""";None None;None
269;ASUS FX753VD;"16"">";External GM;"Gamer GPU (15"">)"
270;Microsoft Surface Laptop 2;"13""";Integrated;"Thin (13""-14"")"
271;ASUS ZenBook Flip UX561UN;"15""";External MS;"Ex. Mainstream GPU (15"">)"
272;Lenovo ThinkPad L13 Yoga;"13""";Integrated;"Thin (13""-14"")"
273;Acer Aspire 5 (A515-52G);"15""";External MS;"Ex. Mainstream GPU (15"">)"
274;Acer Aspire 3 (A317-51G);"16"">";External MS;"Ex. Mainstream GPU (15"">)"
275;ASUS Vivobook 17 X705MB;"16"">";External MS;"Ex. Mainstream GPU (15"">)"
276;Acer Swift 5 (SF514-54T);"14""";Integrated;"Thin (13""-14"")"
277;DELL Inspiron 5584;"15""";External MS;"Ex. Mainstream GPU (15"">)"
278;Alienware M17;"16"">";External GM;"Gamer GPU (15"">)"
279;HP ProBook 430 G5;"13""";Integrated;"Thin (13""-14"")"
280;Acer TravelMate P2 (TMP2510-G2-MG);"15""";External MS;"Ex. Mainstream GPU (15"">)"
281;Acer ASPIRE 5 (A515-51G);"15""";External MS;"Ex. Mainstream GPU (15"">)"
282;HP ProBook 450 G5;"15""";External MS;"Ex. Mainstream GPU (15"">)"
283;Acer ASPIRE 3 (A315-41G);"15""";External MS;"Ex. Mainstream GPU (15"">)"
284;ASUS VivoBook Flip 14 TP401;"14""";Integrated;"Thin (13""-14"")"
285;ASUS X555QA;"15""";Integrated;"Integrated GPU (15"">)"
286;ASUS ROG Zephyrus M GU502;"15""";External GM;"Gamer GPU (15"">)"
287;HP 17-by1000;"16"">";Integrated;"Integrated GPU (15"">)"
288;ASUS VivoBook S14 S432;"14""";External MS;"Thin (13""-14"")"
289;HP ProBook 445 G6;"14""";Integrated;"Thin (13""-14"")"
290;HP PAVILION 15-dk0000;"15""";Integrated;"Integrated GPU (15"">)"
291;HP EliteBook 8560p;"15""";None None;None
292;Lenovo ThinkPad Edge E580;"15""";None None;None
293;ASUS X540MB;"15""";External MS;"Ex. Mainstream GPU (15"">)"
294;ASUS Zenbook UX310UA;"13""";Integrated;"Thin (13""-14"")"
295;MSI PS42 Modern 8MO;"14""";Integrated;"Thin (13""-14"")"
296;ASUS X540UB;"15""";External MS;"Ex. Mainstream GPU (15"">)"
297;Lenovo Ideapad 330-14 AMD;"14""";Integrated;"Thin (13""-14"")"
298;ASUS VivoBook 15 X540UA;"15""";Integrated;"Integrated GPU (15"">)"
299;HP EliteBook 8570p;"15""";Integrated;"Integrated GPU (15"">)"
300;Lenovo Ideapad 330s 14 Intel;"14""";External MS;"Thin (13""-14"")"
301;Microsoft Surface Laptop 3 13.5;"13""";Integrated;"Thin (13""-14"")"
302;ASUS F540;"15""";External MS;"Ex. Mainstream GPU (15"">)"
303;ASUS VivoBook A705;"16"">";None None;None
304;Acer SPIN 1 (SP111-34N);"<12""";Integrated;"Mini (<12"")"
305;Acer ASPIRE ES1-533;"15""";Integrated;"Integrated GPU (15"">)"
306;DELL Vostro 5391;"13""";External MS;"Thin (13""-14"")"
307;ASUS ROG GL503;"15""";External GM;"Gamer GPU (15"">)"
308;HP ProBook 440 G5;"14""";Integrated;"Thin (13""-14"")"
309;Acer Nitro 5 (AN515-51);"15""";External GM;"Gamer GPU (15"">)"
310;ASUS VivoBook F543;"15""";External MS;"Ex. Mainstream GPU (15"">)"
311;Lenovo Yoga 530-14 AMD;"14""";Integrated;"Thin (13""-14"")"
312;MSI GL63 9SEK;"15""";External GM;"Gamer GPU (15"">)"
313;Apple MacBook Air 13 with Retina display Late 2018;"13""";Integrated;"Thin (13""-14"")"
314;ASUS ZenBook Pro 15 UX580GD;"15""";External GM;"Gamer GPU (15"">)"
315;ASUS VivoBook A420;"14""";Integrated;"Thin (13""-14"")"
316;Alienware 15 R4;"15""";External GM;"Gamer GPU (15"">)"
317;ASUS VivoBook Max X541SA;"15""";Integrated;"Integrated GPU (15"">)"
318;DELL Vostro 3490;"14""";External MS;"Thin (13""-14"")"
319;ASUS K540UA;"15""";Integrated;"Integrated GPU (15"">)"
320;DELL Inspiron 3780;"16"">";External MS;"Ex. Mainstream GPU (15"">)"
321;Acer Predator Triton 900 (PT917-71);"16"">";External GM;"Gamer GPU (15"">)"
322;ASUS X543UB;"15""";External MS;"Ex. Mainstream GPU (15"">)"
323;HP OMEN 15-dc0000;"15""";External GM;"Gamer GPU (15"">)"
324;HP Elite Dragonfly;"13""";Integrated;"Thin (13""-14"")"
325;HP EliteBook 755 G5;"15""";Integrated;"Integrated GPU (15"">)"
326;Acer Extensa 15 EX215-31;"15""";Integrated;"Integrated GPU (15"">)"
327;ASUS ROG Zephyrus G GA502;"15""";External GM;"Gamer GPU (15"">)"
328;ASUS ROG Zephyrus S GX502;"15""";External GM;"Gamer GPU (15"">)"
329;HP OMEN 15-ce000;"15""";External GM;"Gamer GPU (15"">)"
330;DELL INSPIRON 5370;"13""";External MS;"Thin (13""-14"")"
331;DELL Vostro 7590;"15""";External GM;"Gamer GPU (15"">)"
332;Lenovo Ideapad 330-17 Intel;"16"">";External GM;"Gamer GPU (15"">)"
333;Acer ASPIRE 5 (A517-51);"16"">";Integrated;"Integrated GPU (15"">)"
334;ASUS X507;"15""";External MS;"Ex. Mainstream GPU (15"">)"
335;DELL Inspiron 5490;"14""";External MS;"Thin (13""-14"")"
336;DELL Vostro 3481;"14""";Integrated;"Thin (13""-14"")"
337;DIGMA CITI E601;"15""";Integrated;"Integrated GPU (15"">)"
338;HP ProBook 445R G6;"14""";Integrated;"Thin (13""-14"")"
339;Lenovo V110 17;"16"">";Integrated;"Integrated GPU (15"">)"
340;DIGMA EVE 604;"15""";Integrated;"Integrated GPU (15"">)"
341;ASUS R541UV;"15""";External MS;"Ex. Mainstream GPU (15"">)"
342;HP 15-rb500;"15""";Integrated;"Integrated GPU (15"">)"
343;Lenovo ThinkPad Edge E480;"14""";External GM;"Thin (13""-14"")"
344;ASUS VivoBook E403NA;"14""";Integrated;"Thin (13""-14"")"
345;DELL INSPIRON 3585;"15""";Integrated;"Integrated GPU (15"">)"
346;DELL INSPIRON 5391;"13""";Integrated;"Thin (13""-14"")"
347;ASUS VivoBook S14 S431;"14""";Integrated;"Thin (13""-14"")"
348;HP 14-cf0000;"14""";Integrated;"Thin (13""-14"")"
349;ASUS W730;"16"">";External GM;"Gamer GPU (15"">)"
350;HP ProBook 470 G5;"16"">";External MS;"Ex. Mainstream GPU (15"">)"
351;ASUS ZenBook S UX391UA;"13""";Integrated;"Thin (13""-14"")"
352;ASUS ROG GL502VM;"15""";External GM;"Gamer GPU (15"">)"
353;ASUS VivoBook 15 X542UA;"15""";Integrated;"Integrated GPU (15"">)"
354;MSI P65 Creator 9SE;"15""";External GM;"Gamer GPU (15"">)"
355;HP EliteBook 840 G5;"14""";Integrated;"Thin (13""-14"")"
356;ASUS VivoBook 15 X540BP;"15""";External MS;"Ex. Mainstream GPU (15"">)"
357;DELL XPS 15 9575 2-in-1;"15""";External GM;"Gamer GPU (15"">)"
358;HP 240 G6;"14""";Integrated;"Thin (13""-14"")"
359;ASUS Zenbook S13 UX392;"13""";Integrated;"Thin (13""-14"")"
360;Acer Aspire 5 (A515-52);"15""";Integrated;"Integrated GPU (15"">)"
361;Lenovo ThinkPad A275;"<12""";Integrated;"Mini (<12"")"
362;ASUS ZENBOOK UX303UB;"13""";External MS;"Thin (13""-14"")"
363;Acer Nitro 5 (AN515-43);"15""";External GM;"Gamer GPU (15"">)"
364;HP 15-ay000;"15""";External MS;"Ex. Mainstream GPU (15"">)"
365;GIGABYTE AERO 15;"15""";External GM;"Gamer GPU (15"">)"
366;ASUS ROG Strix G531;"15""";External GM;"Gamer GPU (15"">)"
367;DELL G3 15 3579;"15""";External GM;"Gamer GPU (15"">)"
368;Acer SWIFT 7 (SF714-51T);"14""";Integrated;"Thin (13""-14"")"
369;DELL Inspiron 5593;"15""";External MS;"Ex. Mainstream GPU (15"">)"
370;Acer ASPIRE 3 (A315-41);"15""";Integrated;"Integrated GPU (15"">)"
371;HP PAVILION 15-bc500;"15""";External GM;"Gamer GPU (15"">)"
372;Haier HI133;"13""";Integrated;"Thin (13""-14"")"
373;Acer Extensa 15 EX215-21G;"15""";External MS;"Ex. Mainstream GPU (15"">)"
374;Lenovo Ideapad 530s 14 AMD;"14""";Integrated;"Thin (13""-14"")"
375;DELL Inspiron 3782;"16"">";Integrated;"Integrated GPU (15"">)"
376;KREZ N1403S Travel;"14""";Integrated;"Thin (13""-14"")"
377;Acer ASPIRE 1 (A114-32);"14""";Integrated;"Thin (13""-14"")"
378;HP 15-ra100;"15""";Integrated;"Integrated GPU (15"">)"
379;Lenovo V330 15;"15""";External MS;"Ex. Mainstream GPU (15"">)"
380;Prestigio SmartBook 141C;"14""";Integrated;"Thin (13""-14"")"
381;ASUS VivoBook 17 X705UB;"16"">";External MS;"Ex. Mainstream GPU (15"">)"
382;HP Pavilion Gaming 15-cx0000;"15""";External GM;"Gamer GPU (15"">)"
383;DELL Vostro 5481;"14""";External MS;"Thin (13""-14"")"
384;Irbis NB245B;"14""";Integrated;"Thin (13""-14"")"
385;HP Envy 15-ds0000 x360;"15""";Integrated;"Integrated GPU (15"">)"
386;Lenovo Ideapad S530 13;"13""";Integrated;"Thin (13""-14"")"
387;ASUS ZenBook 15 UX533FD;"15""";External GM;"Gamer GPU (15"">)"
388;HP 620;"15""";Integrated;"Integrated GPU (15"">)"
389;HP PAVILION 15-cs1000;"15""";External GM;"Gamer GPU (15"">)"
390;HP OMEN 17-cb0000;"16"">";External GM;"Gamer GPU (15"">)"
391;HP ProBook 450 G7;"15""";External MS;"Ex. Mainstream GPU (15"">)"
392;HP EliteBook 745 G5;"14""";Integrated;"Thin (13""-14"")"
393;HP 15-bs700;"15""";Integrated;"Integrated GPU (15"">)"
394;Lenovo V320 17;"16"">";Integrated;"Integrated GPU (15"">)"
395;Lenovo ThinkPad P1;"15""";External Pro;Prof. WS
396;ASUS VivoBook S15 S510;"15""";External MS;"Ex. Mainstream GPU (15"">)"
397;Acer SWIFT 5 (SF514-52T);"14""";Integrated;"Thin (13""-14"")"
398;"Xiaomi Mi Notebook Pro 15.6"" Enhanced Edition 2019";"15""";External GM;"Gamer GPU (15"">)"
399;Acer ASPIRE E 15 (E5-576);"15""";Integrated;"Integrated GPU (15"">)"
400;HP 15-ba100;"15""";Integrated;"Integrated GPU (15"">)"
401;Acer SWIFT 3 (SF314-51);"14""";External MS;"Thin (13""-14"")"
402;Lenovo Yoga 520 14;"14""";Integrated;"Thin (13""-14"")"
403;ASUS D541NA;"15""";Integrated;"Integrated GPU (15"">)"
404;ASUS ZenBook UX430UA;"14""";Integrated;"Thin (13""-14"")"
405;Lenovo Yoga C740-14;"14""";Integrated;"Thin (13""-14"")"
406;Lenovo V110 15 Intel;"15""";Integrated;"Integrated GPU (15"">)"
407;Acer SWIFT 3 (SF314-52);"14""";Integrated;"Thin (13""-14"")"
408;Lenovo IdeaPad 300 15;"15""";External MS;"Ex. Mainstream GPU (15"">)"
409;DELL Latitude 5300;"13""";Integrated;"Thin (13""-14"")"
410;"Xiaomi Mi Notebook Air 13.3"" 2017";"13""";External MS;"Thin (13""-14"")"
411;ASUS VivoBook Pro 15 N580;"15""";External GM;"Gamer GPU (15"">)"
412;Lenovo IdeaPad 320 15 AMD;"15""";External MS;"Ex. Mainstream GPU (15"">)"
413;Acer ASPIRE 7 (A715-71G);"15""";External GM;"Gamer GPU (15"">)"
414;HP 15-ac100;"15""";External MS;"Ex. Mainstream GPU (15"">)"
415;ASUS ZenBook 3 UX390UA;"<12""";Integrated;"Mini (<12"")"
416;HP EliteBook 850 G5;"15""";Integrated;"Integrated GPU (15"">)"
417;ASUS VivoBook A712;"16"">";External MS;"Ex. Mainstream GPU (15"">)"
418;Lenovo Legion Y520;"15""";External GM;"Gamer GPU (15"">)"
419;ASUS ZenBook Flip 13 UX362FA;"13""";Integrated;"Thin (13""-14"")"
420;DELL Vostro 5581;"15""";None None;None
421;Lenovo IdeaPad 110 17 AMD;"16"">";Integrated;"Integrated GPU (15"">)"
422;Lenovo ThinkPad T580;"15""";External MS;"Ex. Mainstream GPU (15"">)"
423;Lenovo THINKPAD X1;None;Integrated;None
424;HP 14-bs000;"14""";External MS;"Thin (13""-14"")"
425;MSI PS63 Modern 8RC;"15""";External GM;"Gamer GPU (15"">)"
426;ASUS ZenBook Flip 14 UM462;"14""";Integrated;"Thin (13""-14"")"
427;MSI GL73 9SC;"16"">";External GM;"Gamer GPU (15"">)"
428;DELL Latitude 5501;"15""";Integrated;"Integrated GPU (15"">)"
429;Acer TRAVELMATE P238-M;"13""";Integrated;"Thin (13""-14"")"
430;Acer ASPIRE E5-575G;"15""";External GM;"Gamer GPU (15"">)"
431;HP PAVILION 15-cc500;"15""";External MS;"Ex. Mainstream GPU (15"">)"
432;Lenovo IdeaPad 320 15 Intel;"15""";External MS;"Ex. Mainstream GPU (15"">)"
433;ASUS VivoBook 15 X543UA;"15""";Integrated;"Integrated GPU (15"">)"
434;ASUS ZenBook 13 UX333;"13""";External MS;"Thin (13""-14"")"
435;Lenovo ThinkPad T590;"15""";External MS;"Ex. Mainstream GPU (15"">)"
436;DELL XPS 15 9570;"15""";External None;None
437;MSI GS65 Stealth 9SE;"15""";External GM;"Gamer GPU (15"">)"
438;Acer SWIFT 3 (SF314-55);"14""";Integrated;"Thin (13""-14"")"
439;HP 14-bp000;"14""";External MS;"Thin (13""-14"")"
440;Acer Predator Triton 500 (PT515-51);"15""";External GM;"Gamer GPU (15"">)"
441;Lenovo ThinkPad X390;"13""";Integrated;"Thin (13""-14"")"
442;Lenovo Yoga 920-13;"13""";Integrated;"Thin (13""-14"")"
443;Lenovo IdeaPad Yoga 13;"13""";Integrated;"Thin (13""-14"")"
444;ASUS X540NV;"15""";External MS;"Ex. Mainstream GPU (15"">)"
445;Lenovo ThinkPad T490;"14""";External MS;"Thin (13""-14"")"
446;HP PAVILION 15-dp0000;"15""";External GM;"Gamer GPU (15"">)"
447;ASUS ZENBOOK UX303UA;"13""";External MS;"Thin (13""-14"")"
448;Lenovo Yoga 730-15;"15""";External GM;"Gamer GPU (15"">)"
449;Lenovo Legion Y530;"15""";External GM;"Gamer GPU (15"">)"
450;ASUS VivoBook S13 S330FN;"13""";External MS;"Thin (13""-14"")"
451;"Xiaomi RedmiBook 13""";"13""";External MS;"Thin (13""-14"")"
452;HP PAVILION 14-cd1000 x360;"14""";None None;"Thin (13""-14"")"
453;ASUS ZenBook 13 UX331FN;"13""";External MS;"Thin (13""-14"")"
454;ASUS ROG Zephyrus S GX535;"15""";External GM;"Gamer GPU (15"">)"
455;ASUS VivoBook 15 X542UF;"15""";External MS;"Ex. Mainstream GPU (15"">)"
456;HP 255 G6;"15""";Integrated;"Integrated GPU (15"">)"
457;Lenovo ThinkPad X395;"13""";Integrated;"Thin (13""-14"")"
458;Lenovo Ideapad 330-14 Intel;"14""";Integrated;"Thin (13""-14"")"
459;HP 15-ay100;"15""";External MS;"Ex. Mainstream GPU (15"">)"
460;HP EliteBook 830 G5;"13""";Integrated;"Thin (13""-14"")"
461;Acer TravelMate P2 (TMP215-51G);"15""";External MS;"Ex. Mainstream GPU (15"">)"
462;Lenovo ThinkPad L380 Yoga;"13""";Integrated;"Thin (13""-14"")"
463;HP PAVILION 15-cw0000;"15""";Integrated;"Integrated GPU (15"">)"
464;HP PAVILION 15-bc300;"15""";External GM;"Gamer GPU (15"">)"
465;Lenovo IdeaPad 520s 14;"14""";None None;"Thin (13""-14"")"
466;MSI GS65 Stealth 9SF;"15""";External GM;"Gamer GPU (15"">)"
467;Lenovo IdeaPad Flex 14;"14""";None None;"Thin (13""-14"")"
468;HP Envy 15-bq000 x360;"15""";Integrated;"Integrated GPU (15"">)"
469;HP PAVILION POWER 15-cb000;"15""";External GM;"Gamer GPU (15"">)"
470;ASUS TUF Gaming FX504;"15""";External GM;"Gamer GPU (15"">)"
471;DELL G3 17 3779;"16"">";External GM;"Gamer GPU (15"">)"
472;HP ZBook Studio G5;"15""";External Pro;Prof. WS
473;Acer SWIFT 3 (SF314-54G);"14""";External MS;"Thin (13""-14"")"
474;ASUS ZenBook Pro Duo UX581;"15""";External GM;"Gamer GPU (15"">)"
475;MSI Creator 17M A9;"16"">";External GM;"Gamer GPU (15"">)"
476;Lenovo Legion Y540-17;"16"">";External GM;"Gamer GPU (15"">)"
477;HP 250 G5;"15""";External MS;"Ex. Mainstream GPU (15"">)"
478;MSI GS75 Stealth 9SD;"16"">";External GM;"Gamer GPU (15"">)"
479;HP PAVILION 15-bc400;"15""";External GM;"Gamer GPU (15"">)"
480;Lenovo ThinkPad T480;"14""";External MS;"Thin (13""-14"")"
481;Acer ASPIRE 3 (A317-32);"16"">";Integrated;"Integrated GPU (15"">)"
482;Haier HI133L;"13""";Integrated;"Thin (13""-14"")"
483;HP PAVILION 14-ce1000;"14""";External MS;"Thin (13""-14"")"
484;ASUS R540;"15""";External MS;"Ex. Mainstream GPU (15"">)"
485;ASUS ZenBook 13 UX331UN;"13""";External MS;"Thin (13""-14"")"
486;Apple MacBook Pro 13 with Retina display Mid 2017;"13""";Integrated;"Thin (13""-14"")"
487;DELL INSPIRON 5770;"16"">";External MS;"Ex. Mainstream GPU (15"">)"
488;Irbis NB153;"13""";Integrated;"Thin (13""-14"")"
489;Lenovo ThinkPad P71;"16"">";External Pro;Prof. WS
490;DELL INSPIRON 3180;"<12""";Integrated;"Mini (<12"")"
491;HP Envy 13-ah1000;"13""";External MS;"Thin (13""-14"")"
492;ASUS VivoBook Max X541NA;"15""";Integrated;"Integrated GPU (15"">)"
493;Lenovo V15;"15""";Integrated;"Integrated GPU (15"">)"
494;MSI GL63 8RCS;"15""";External GM;"Gamer GPU (15"">)"
495;Prestigio Smartbook 141 C2;"14""";Integrated;"Thin (13""-14"")"
496;Lenovo ThinkPad Edge E590;"15""";External GM;"Gamer GPU (15"">)"
497;ASUS ZENBOOK UX305FA;"13""";Integrated;"Thin (13""-14"")"
498;HP 17-bs000;"16"">";External MS;"Ex. Mainstream GPU (15"">)"
499;ASUS TUF Gaming FX705DT;"16"">";External GM;"Gamer GPU (15"">)"
500;HP PAVILION 14-ba100 x360;"14""";External MS;"Thin (13""-14"")"
501;ASUS VivoBook 15 X510;"15""";External None;None
502;Acer SWIFT 3 (SF314-56G);"14""";External MS;"Thin (13""-14"")"
503;Lenovo IdeaPad 320s 15;"15""";External MS;"Ex. Mainstream GPU (15"">)"
504;Lenovo IdeaPad 320 17 Intel;"16"">";External MS;"Ex. Mainstream GPU (15"">)"
505;Lenovo THINKPAD X270;"<12""";Integrated;"Mini (<12"")"
506;Acer Extensa EX2520G;"15""";External MS;"Ex. Mainstream GPU (15"">)"
507;ASUS X540SC;"15""";External MS;"Ex. Mainstream GPU (15"">)"
508;Acer Predator Helios 300 (G3-572);"15""";External GM;"Gamer GPU (15"">)"
509;ASUS X751MA;"16"">";Integrated;"Integrated GPU (15"">)"
510;ASUS X540LJ;"15""";External MS;"Ex. Mainstream GPU (15"">)"
511;ASUS R540YA;"15""";Integrated;"Integrated GPU (15"">)"
512;Acer Extensa EX2519;"15""";Integrated;"Integrated GPU (15"">)"
513;HP ProBook 430 G7;"13""";Integrated;"Thin (13""-14"")"
514;Acer ASPIRE 7 (A715-72G);"15""";External GM;"Gamer GPU (15"">)"
515;ASUS X540SA;"15""";None MS;None
516;Lenovo IdeaPad 310 15 Intel;"15""";External MS;"Ex. Mainstream GPU (15"">)"
517;Lenovo Yoga 730-13;"13""";Integrated;"Thin (13""-14"")"
518;DELL Inspiron 7490;"14""";External MS;"Thin (13""-14"")"
519;MSI Alpha 15;"15""";External MS;"Ex. Mainstream GPU (15"">)"
520;HP 15-bw500;"15""";External MS;"Ex. Mainstream GPU (15"">)"
521;Acer SWIFT 3 (SF315-52);"15""";Integrated;"Integrated GPU (15"">)"
522;ASUS VivoBook S14 S406UA;"14""";Integrated;"Thin (13""-14"")"
523;MSI GT76 Titan DT 9SG;"16"">";External GM;"Gamer GPU (15"">)"
524;Acer ASPIRE 3 (A315-33);"15""";Integrated;"Integrated GPU (15"">)"
525;Lenovo IdeaPad 720s 14;"14""";External MS;"Thin (13""-14"")"
526;HP EliteBook 8570w;"15""";None Pro;None
527;DIGMA CITI E600;"15""";Integrated;"Integrated GPU (15"">)"
528;Lenovo IdeaPad 100 15;"15""";External MS;"Ex. Mainstream GPU (15"">)"
529;Acer SWIFT 3 (SF514-54GT);"14""";External MS;"Thin (13""-14"")"
530;ASUS VivoBook Pro N752VX;"16"">";External GM;"Gamer GPU (15"">)"
531;HP PAVILION 15-cc000;"15""";None None;None
532;ASUS ROG Zephyrus S GX701;"16"">";External GM;"Gamer GPU (15"">)"
533;Acer Swift 3 (SF314-57G);"14""";External MS;"Thin (13""-14"")"
534;Lenovo ThinkPad X1 Extreme;"15""";External GM;"Gamer GPU (15"">)"
535;HP PAVILION 17-ab400;"16"">";External GM;"Gamer GPU (15"">)"
536;Microsoft Surface Book 2 15;"15""";External GM;"Gamer GPU (15"">)"
537;HP ProBook 440 G7;"14""";Integrated;"Thin (13""-14"")"
538;HP 250 G3;"15""";External MS;"Ex. Mainstream GPU (15"">)"
539;Microsoft Surface Book 2 13.5;"13""";External GM;"Thin (13""-14"")"
540;HP Spectre 13-af000;"13""";Integrated;"Thin (13""-14"")"
541;DELL Latitude 7200 2-in-1;"<12""";Integrated;"Mini (<12"")"
542;Alienware M17 R2;"16"">";External GM;"Gamer GPU (15"">)"
543;HP ZBook 15 G3;"15""";External Pro;Prof. WS
544;ASUS VivoBook 15 X540BA;"15""";Integrated;"Integrated GPU (15"">)"
545;Acer Predator Helios 300 (PH315-52);"15""";External GM;"Gamer GPU (15"">)"
546;HP Envy 13-aq0000;"13""";External MS;"Thin (13""-14"")"
547;ASUS ROG Strix G731;"16"">";External GM;"Gamer GPU (15"">)"
548;ASUS FX553VE;"15""";None GM;None
549;MSI GP75 Leopard 9SE;"16"">";External GM;"Gamer GPU (15"">)"
550;HP PAVILION 15-cc100;"15""";External MS;"Ex. Mainstream GPU (15"">)"
551;Lenovo ThinkPad L390;"13""";Integrated;"Thin (13""-14"")"
552;DELL PRECISION 5530;"15""";External GM;"Gamer GPU (15"">)"
553;ASUS X555YI;"15""";External None;None
554;HP 15-ba000;"15""";External GM;"Gamer GPU (15"">)"
555;Acer ASPIRE ES1-523;"15""";Integrated;"Integrated GPU (15"">)"
556;HP OMEN 17-an100;"16"">";External GM;"Gamer GPU (15"">)"
557;Acer TravelMate P2 (TMP215-51);"15""";External MS;"Ex. Mainstream GPU (15"">)"
558;Acer Extensa EX2511G;"15""";External MS;"Ex. Mainstream GPU (15"">)"
559;Acer Predator Helios 300 (PH317-51);"16"">";External GM;"Gamer GPU (15"">)"
560;Acer ASPIRE 3 (A317-51K);"16"">";Integrated;"Integrated GPU (15"">)"
561;Acer TravelMate P2 (TMP278-M);"16"">";Integrated;"Integrated GPU (15"">)"
562;DIGMA CITI E404 PRO;"14""";Integrated;"Thin (13""-14"")"
563;HP ProBook 645 G4;"14""";Integrated;"Thin (13""-14"")"
564;ASUS ZenBook Flip S UX370UA;"13""";Integrated;"Thin (13""-14"")"
565;Lenovo V155;"15""";Integrated;"Integrated GPU (15"">)"
566;HP EliteBook 1030 G1;"13""";Integrated;"Thin (13""-14"")"
567;Acer ASPIRE 7 (A717-71G);"16"">";External GM;"Gamer GPU (15"">)"
568;HP Envy 15-as000;"15""";Integrated;"Integrated GPU (15"">)"
569;MSI GE65 Raider 9SE;"15""";External GM;"Gamer GPU (15"">)"
570;HP EliteBook 820 G3;"<12""";Integrated;"Mini (<12"")"
571;HP OMEN X 17-ap000;"16"">";External GM;"Gamer GPU (15"">)"
572;ASUS R556;"15""";External MS;"Ex. Mainstream GPU (15"">)"
573;HP 14-am000;"14""";Integrated;"Thin (13""-14"")"
574;ASUS X570UD;"15""";External GM;"Gamer GPU (15"">)"
575;Acer ASPIRE S5-371;"13""";Integrated;"Thin (13""-14"")"
576;ASUS ZenBook Flip UX561UA;"15""";Integrated;"Integrated GPU (15"">)"
577;ASUS VivoBook Pro 15 N580GD;"15""";External GM;"Gamer GPU (15"">)"
578;ASUS X555LA;"15""";Integrated;"Integrated GPU (15"">)"
579;ASUS FX503VD;"15""";External GM;"Gamer GPU (15"">)"
580;Acer Predator 15 (G9-593);"15""";External GM;"Gamer GPU (15"">)"
581;HP ProBook 430 G4;"13""";Integrated;"Thin (13""-14"")"
582;MSI GL75 9SC;"16"">";External GM;"Gamer GPU (15"">)"
583;HP 17-p100;"16"">";Integrated;"Integrated GPU (15"">)"
584;DELL Latitude 7400;"14""";Integrated;"Thin (13""-14"")"
585;Acer Nitro 5 (AN515-31);"15""";External MS;"Ex. Mainstream GPU (15"">)"
586;HP ENVY 13-ag0000 x360;"13""";Integrated;"Thin (13""-14"")"
587;Acer Predator Helios 300 (PH317-53);"16"">";External GM;"Gamer GPU (15"">)"
588;MSI GL63 8SDK;"15""";External GM;"Gamer GPU (15"">)"
589;ASUS ZenBook Pro 14 UX480;"14""";External GM;"Thin (13""-14"")"
590;ASUS ROG G2S;"16"">";None MS;None
591;MSI GP62 8RC WOT Edition;"15""";External GM;"Gamer GPU (15"">)"
592;HP Chromebook x360 14 G1;"14""";Integrated;"Thin (13""-14"")"
593;DELL INSPIRON 5482 2-in-1;"14""";External MS;"Thin (13""-14"")"
594;MSI GT63 Titan 8RG;"15""";External GM;"Gamer GPU (15"">)"
595;HP Spectre Folio 13-ak0000;"13""";Integrated;"Thin (13""-14"")"
596;Lenovo IdeaPad 720s 15;"15""";External GM;"Gamer GPU (15"">)"
597;HP 630;"15""";None None;None
598;HP 17-x000;"16"">";Integrated;"Integrated GPU (15"">)"
599;ASUS X550LA;"15""";None None;None
600;Acer Aspire 3 (A315-32);"15""";External MS;"Ex. Mainstream GPU (15"">)"
601;MSI GS75 Stealth 9SE;"16"">";External GM;"Gamer GPU (15"">)"
602;HP PAVILION 14-cd0000 x360;"14""";External MS;"Thin (13""-14"")"
603;DELL Inspiron 3781;"16"">";External MS;"Ex. Mainstream GPU (15"">)"
604;ASUS R540SA;"15""";Integrated;"Integrated GPU (15"">)"
605;Lenovo IdeaPad S21e20;"<12""";Integrated;"Mini (<12"")"
606;Apple MacBook Pro 13 with Retina display and Touch Bar Mid 2018;"13""";Integrated;"Thin (13""-14"")"
607;ASUS X555YA;"15""";Integrated;"Integrated GPU (15"">)"
608;Lenovo Legion Y545;"15""";External GM;"Gamer GPU (15"">)"
609;HP 15-ac600;"15""";External MS;"Ex. Mainstream GPU (15"">)"
610;Lenovo THINKPAD T495s;"14""";Integrated;"Thin (13""-14"")"
611;Acer Swift 3 (SF314-41G);"14""";External MS;"Thin (13""-14"")"
612;Lenovo IdeaPad 720 15;"15""";None None;None
613;Acer ASPIRE ES1-520-38XM;"15""";Integrated;"Integrated GPU (15"">)"
614;Lenovo B70-80;"16"">";External MS;"Ex. Mainstream GPU (15"">)"
615;ASUS VivoBook 15 X510UQ;"15""";External MS;"Ex. Mainstream GPU (15"">)"
616;HP ProBook 455R G6;"15""";Integrated;"Integrated GPU (15"">)"
617;ASUS X555BP;"15""";None MS;None
618;DELL Latitude 5400;"14""";Integrated;"Thin (13""-14"")"
619;HP OMEN 17-an000;"16"">";External GM;"Gamer GPU (15"">)"
620;ASUS Zenbook UX310UQ;"13""";External MS;"Thin (13""-14"")"
621;Acer Extensa 2510G-54TK;"15""";External MS;"Ex. Mainstream GPU (15"">)"
622;ASUS ROG GL504;"15""";External GM;"Gamer GPU (15"">)"
623;MSI WS75 9TL;"16"">";External GM;"Gamer GPU (15"">)"
624;MSI GL63 8RD;"15""";External GM;"Gamer GPU (15"">)"
625;MSI GL75 9SE;"16"">";External GM;"Gamer GPU (15"">)"
626;Lenovo THINKPAD X1 Carbon Ultrabook (6th Gen);"14""";Integrated;"Thin (13""-14"")"
627;HP PAVILION 15-cr0000 x360;"15""";External MS;"Ex. Mainstream GPU (15"">)"
628;Lenovo Legion Y730-17;"16"">";External GM;"Gamer GPU (15"">)"
629;Lenovo IdeaPad 110 15 AMD;"15""";None None;None
630;Acer Predator Helios 500 (PH517-51);"16"">";External GM;"Gamer GPU (15"">)"
631;ASUS X553SA;"15""";Integrated;"Integrated GPU (15"">)"
632;Acer SPIN 3 (SP314-53N);"14""";Integrated;"Thin (13""-14"")"
633;Acer ASPIRE 3 (A315-21G);"15""";External MS;"Ex. Mainstream GPU (15"">)"
634;Lenovo V310 15;"15""";External MS;"Ex. Mainstream GPU (15"">)"
635;Lenovo V510 14;"14""";Integrated;"Thin (13""-14"")"
636;HP Spectre 13-ae000 x360;"13""";Integrated;"Thin (13""-14"")"
637;Haier ES34;"13""";Integrated;"Thin (13""-14"")"
638;DELL Inspiron 3580;"15""";External MS;"Ex. Mainstream GPU (15"">)"
639;ASUS VivoBook 17 X705UF;"16"">";External MS;"Ex. Mainstream GPU (15"">)"
640;HP Envy 13-ah0000;"13""";External MS;"Thin (13""-14"")"
641;ASUS A507UB;"15""";None None;None
642;ASUS VivoBook S14 S410;"14""";External MS;"Thin (13""-14"")"
643;Lenovo IdeaPad 110 15 Intel;"15""";Integrated;"Integrated GPU (15"">)"
644;DELL Precision 7540;"15""";External GM;"Gamer GPU (15"">)"
645;HP ZBook Studio x360 G5;"15""";External Pro;Prof. WS
646;Lenovo Yoga 500 14;"14""";None None;"Thin (13""-14"")"
647;HP 650;"15""";Integrated;"Integrated GPU (15"">)"
648;ASUS TUF Gaming FX705DY;"16"">";External GM;"Gamer GPU (15"">)"
649;Lenovo Ideapad 330 17 AMD;"16"">";Integrated;"Integrated GPU (15"">)"
650;Lenovo Legion Y740-15;"15""";External GM;"Gamer GPU (15"">)"
651;Acer Extensa EX2530;"15""";Integrated;"Integrated GPU (15"">)"
652;MSI GL63 8SC;"15""";External GM;"Gamer GPU (15"">)"
653;DELL Vostro 5370;"13""";External MS;"Thin (13""-14"")"
654;ASUS R540SC;"15""";External MS;"Ex. Mainstream GPU (15"">)"
655;HP 15-g200;"15""";None None;None
656;Acer ConceptD 7 (CN715-71);"15""";External GM;"Gamer GPU (15"">)"
657;Panasonic TOUGHBOOK CF-31;"13""";Integrated;"Thin (13""-14"")"
658;MSI GF75 Thin 8RC;"16"">";External GM;"Gamer GPU (15"">)"
659;DELL LATITUDE 5290;"<12""";Integrated;"Mini (<12"")"
660;HP EliteBook 850 G3;"15""";Integrated;"Integrated GPU (15"">)"
661;ASUS VivoBook 15 X542BP;"15""";External MS;"Ex. Mainstream GPU (15"">)"
662;Acer SPIN 13 (CP713-1WN);"13""";Integrated;"Thin (13""-14"")"
663;DELL XPS 13 9380;"13""";Integrated;"Thin (13""-14"")"
664;Lenovo Yoga S730;"13""";Integrated;"Thin (13""-14"")"
665;Acer Predator Helios 300 (PH317-52);"16"">";External GM;"Gamer GPU (15"">)"
666;Acer ASPIRE E5-573G-38TN;"15""";External MS;"Ex. Mainstream GPU (15"">)"
667;ASUS VivoBook Max X541UJ;"15""";External MS;"Ex. Mainstream GPU (15"">)"
668;HP 15-af100;"15""";External MS;"Ex. Mainstream GPU (15"">)"
669;MSI GT75 8RF Titan;"16"">";External GM;"Gamer GPU (15"">)"
670;HP 14-cf1000;"14""";External MS;"Thin (13""-14"")"
671;DELL LATITUDE 3490;"14""";External MS;"Thin (13""-14"")"
672;Apple MacBook Air 13 Early 2015;"13""";Integrated;"Thin (13""-14"")"
673;HP 255 G4;"15""";Integrated;"Integrated GPU (15"">)"
674;HP 255 G5;"15""";Integrated;"Integrated GPU (15"">)"
675;ASUS R540NV;"15""";External MS;"Ex. Mainstream GPU (15"">)"
676;HP PAVILION 14-bf000;"14""";External MS;"Thin (13""-14"")"
677;MSI GL73 8SE;"16"">";External GM;"Gamer GPU (15"">)"
678;MSI GE75 8SF Raider;"16"">";External GM;"Gamer GPU (15"">)"
679;Lenovo Yoga 720 13;"13""";Integrated;"Thin (13""-14"")"
680;HP PAVILION 15-cd000;"15""";None None;None
681;ASUS VivoBook 15 X542UQ;"15""";External MS;"Ex. Mainstream GPU (15"">)"
682;ASUS X555UB;"15""";None None;None
683;RoverBook Roverbook B510;"15""";Integrated;"Integrated GPU (15"">)"
684;ASUS X555LF;"15""";External MS;"Ex. Mainstream GPU (15"">)"
685;ASUS VivoBook R540UB;"15""";None MS;None
686;MSI GF72 8RD;"16"">";External GM;"Gamer GPU (15"">)"
687;ASUS Zenbook UX410UF;"14""";External MS;"Thin (13""-14"")"
688;ASUS Vivobook X556UQ;"15""";External None;None
689;Lenovo V14;"14""";Integrated;"Thin (13""-14"")"
690;DELL XPS 13 7390 2-in-1;"13""";Integrated;"Thin (13""-14"")"
691;MSI GL73 8SDK;"16"">";External GM;"Gamer GPU (15"">)"
692;HP PAVILION 15-ab000;"15""";None None;None
693;Lenovo THINKPAD X1 Carbon Ultrabook (5th Gen);"14""";Integrated;"Thin (13""-14"")"
694;DELL Precision 5530 2-in-1;"15""";External Pro;Prof. WS
695;HP 15-af000;"15""";External MS;"Ex. Mainstream GPU (15"">)"
696;HP PAVILION 17-ab300;"16"">";External GM;"Gamer GPU (15"">)"
697;ASUS X554LJ;"15""";External MS;"Ex. Mainstream GPU (15"">)"
698;Acer TravelMate P6 (P614-51T);"14""";Integrated;"Thin (13""-14"")"
699;DELL Inspiron 3583;"15""";External MS;"Ex. Mainstream GPU (15"">)"
700;MSI GL63 8RC;"15""";External GM;"Gamer GPU (15"">)"
701;ASUS ROG GL702VM;"16"">";External GM;"Gamer GPU (15"">)"
702;Acer Predator 17 (G5-793);"16"">";External GM;"Gamer GPU (15"">)"
703;HP 15-ac000;"15""";Integrated;"Integrated GPU (15"">)"
704;Acer ASPIRE 7 (A717-72G);"16"">";External GM;"Gamer GPU (15"">)"
705;DELL Vostro 5471;"14""";External MS;"Thin (13""-14"")"
706;HP ZBook 15 G6;"15""";External Pro;Prof. WS
707;MSI GP75 Leopard 9SD;"16"">";External GM;"Gamer GPU (15"">)"
708;Acer ASPIRE E5-571G-37FY;"15""";External MS;"Ex. Mainstream GPU (15"">)"
709;MSI PS42 8M;"14""";Integrated;"Thin (13""-14"")"
710;HP PAVILION 15-p200;"15""";None None;None
711;MSI GL73 9SEK;"16"">";External GM;"Gamer GPU (15"">)"
712;Lenovo IdeaPad 320 17 AMD;"16"">";Integrated;"Integrated GPU (15"">)"
713;Lenovo Legion Y730-15;"15""";External GM;"Gamer GPU (15"">)"
714;ASUS ROG GL752VW;"16"">";External GM;"Gamer GPU (15"">)"
715;HP ZBook 15;"15""";External Pro;Prof. WS
716;Lenovo IdeaPad 520 15;"15""";None MS;None
717;Acer Predator Helios 700 (PH717-71);"16"">";External GM;"Gamer GPU (15"">)"
718;Acer ASPIRE E5-573G-35VR;"15""";External MS;"Ex. Mainstream GPU (15"">)"
719;ASUS VivoBook Max X541NC;"15""";External MS;"Ex. Mainstream GPU (15"">)"
720;HP Envy 15-cp0000 x360;"15""";Integrated;"Integrated GPU (15"">)"
721;ASUS VivoBook Max X541UA;"15""";Integrated;"Integrated GPU (15"">)"
722;DELL LATITUDE 7490;"14""";Integrated;"Thin (13""-14"")"
723;HP 350 G2;"15""";None None;None
724;Lenovo THINKPAD Edge E595;"15""";Integrated;"Integrated GPU (15"">)"
725;DELL Vostro 3580;"15""";External MS;"Ex. Mainstream GPU (15"">)"
726;Acer Aspire 3 (A315-22G);"15""";External MS;"Ex. Mainstream GPU (15"">)"
727;ASUS F553MA;"15""";Integrated;"Integrated GPU (15"">)"
728;Acer SWIFT 3 (SF314-52G);"14""";External MS;"Thin (13""-14"")"
729;Lenovo THINKPAD T495;"14""";Integrated;"Thin (13""-14"")"
730;HP Envy 13-ad100;"13""";External MS;"Thin (13""-14"")"
731;DELL Latitude 5401;"14""";External MS;"Thin (13""-14"")"
732;HP Envy 15-dr0000 x360;"15""";External MS;"Ex. Mainstream GPU (15"">)"
733;MSI GE75 Raider 9SF;"16"">";External GM;"Gamer GPU (15"">)"
734;ASUS ZenBook U310UA;"13""";Integrated;"Thin (13""-14"")"
735;Acer Switch 7 Black Edition SW713-51GNP;"13""";External MS;"Thin (13""-14"")"
736;HP 255 G3;"15""";Integrated;"Integrated GPU (15"">)"
737;Lenovo ThinkPad T480s;"14""";Integrated;"Thin (13""-14"")"
738;Lenovo Legion Y740-17;"16"">";External GM;"Gamer GPU (15"">)"
739;Acer ASPIRE E5-571G-39TX;"15""";External MS;"Ex. Mainstream GPU (15"">)"
740;HP PAVILION 15-bc000;"15""";External None;None
741;ASUS ROG GL553VD;"15""";External GM;"Gamer GPU (15"">)"
742;Lenovo IdeaPad 510s 13;"13""";None None;"Thin (13""-14"")"
743;Lenovo ThinkPad X1 Yoga (4th Gen);"14""";Integrated;"Thin (13""-14"")"
744;HP PAVILION 15-bc200;"15""";External GM;"Gamer GPU (15"">)"
745;DELL Inspiron 3595;"15""";Integrated;"Integrated GPU (15"">)"
746;MSI GL62M 7RDX;"15""";External GM;"Gamer GPU (15"">)"
747;MSI GE63 8SF Raider RGB;"15""";External GM;"Gamer GPU (15"">)"
748;DELL LATITUDE 3480;"14""";None None;"Thin (13""-14"")"
749;HP EliteBook 840 G6;"14""";Integrated;"Thin (13""-14"")"
750;DELL Vostro 3568;"15""";Integrated;"Integrated GPU (15"">)"
751;Acer SWIFT 5 (SF514-53T);"14""";Integrated;"Thin (13""-14"")"
752;HP PAVILION 15-au100;"15""";None None;None
753;Alienware 17 R5;"16"">";External GM;"Gamer GPU (15"">)"
754;Apple MacBook Pro 15 with Retina display Mid 2018;"15""";External MS;"Ex. Mainstream GPU (15"">)"
755;Lenovo V110 15 AMD;"15""";Integrated;"Integrated GPU (15"">)"
756;ASUS VivoBook S15 S530FN;"15""";External MS;"Ex. Mainstream GPU (15"">)"
757;DELL LATITUDE 7390;"13""";Integrated;"Thin (13""-14"")"
758;ASUS ROG GL552VX;"15""";External GM;"Gamer GPU (15"">)"
759;DELL XPS 12 9250;"<12""";Integrated;"Mini (<12"")"
760;HP 17-ak000;"16"">";None None;None
761;DELL G7 15 7590;"15""";External GM;"Gamer GPU (15"">)"
762;DELL Latitude 5500;"15""";External MS;"Ex. Mainstream GPU (15"">)"
763;HP ZBook x2 G4;"14""";External Pro;Prof. WS
764;Acer ASPIRE F5-571G;"15""";External MS;"Ex. Mainstream GPU (15"">)"
765;MSI GL72M 7RDX;"16"">";External GM;"Gamer GPU (15"">)"
766;ASUS ROG GL703;"16"">";External GM;"Gamer GPU (15"">)"
767;Acer SPIN 7 (SP714-51);"14""";Integrated;"Thin (13""-14"")"
768;HP PAVILION 17-ab000;"16"">";External GM;"Gamer GPU (15"">)"
769;Lenovo THINKPAD T470;"14""";Integrated;"Thin (13""-14"")"
770;DELL Latitude 5491;"14""";Integrated;"Thin (13""-14"")"
771;Lenovo ThinkPad E15;"15""";External MS;"Ex. Mainstream GPU (15"">)"
772;HP 470 G7;"16"">";External MS;"Ex. Mainstream GPU (15"">)"
773;ASUS ROG GL552VW;"15""";External GM;"Gamer GPU (15"">)"
774;ASUS ZenBook 13 UX331FAL;"13""";Integrated;"Thin (13""-14"")"
775;Lenovo G50-45;"15""";Integrated;"Integrated GPU (15"">)"
776;ASUS X751NV;"16"">";External MS;"Ex. Mainstream GPU (15"">)"
777;MSI P65 Creator 9SF;"15""";External GM;"Gamer GPU (15"">)"
778;ASUS R541NA;"15""";Integrated;"Integrated GPU (15"">)"
779;Lenovo Yoga C740-15;"15""";Integrated;"Integrated GPU (15"">)"
780;Razer Blade Pro 17 (2019);"16"">";External GM;"Gamer GPU (15"">)"
781;Lenovo G50-80;"15""";None None;None
782;DELL INSPIRON 5575;"15""";External MS;"Ex. Mainstream GPU (15"">)"
783;HP EliteBook 840 G3;"14""";Integrated;"Thin (13""-14"")"
784;KREZ N1303;"13""";Integrated;"Thin (13""-14"")"
785;ASUS ZenBook 3 Deluxe UX3490UA;"14""";Integrated;"Thin (13""-14"")"
786;ASUS X554LA;"15""";Integrated;"Integrated GPU (15"">)"
787;ASUS X555LJ;"15""";External MS;"Ex. Mainstream GPU (15"">)"
788;HP ProBook 430 G3;"13""";Integrated;"Thin (13""-14"")"
789;ASUS VivoBook 15 X542UN;"15""";External MS;"Ex. Mainstream GPU (15"">)"
790;Lenovo ThinkPad L390 Yoga;"13""";Integrated;"Thin (13""-14"")"
791;ASUS ZenBook 15 UX533FN;"15""";External MS;"Ex. Mainstream GPU (15"">)"
792;DELL XPS 13 9360;"13""";Integrated;"Thin (13""-14"")"
793;HP PAVILION 15-ab100;"15""";External GM;"Gamer GPU (15"">)"
794;HP ProBook 650 G5;"15""";Integrated;"Integrated GPU (15"">)"
795;MSI GL73 8RC;"16"">";External GM;"Gamer GPU (15"">)"
796;ASUS ZENBOOK UX305CA;"13""";Integrated;"Thin (13""-14"")"
797;MSI GE62 6QD Apache Pro Heroes;"15""";External GM;"Gamer GPU (15"">)"
798;ASUS ZENBOOK UX305LA;"13""";Integrated;"Thin (13""-14"")"
799;MSI GS70 2PC Stealth;"16"">";None GM;None
800;Acer Nitro 7 (AN715-51);"15""";External GM;"Gamer GPU (15"">)"
801;Acer Extensa 2510G-38H2;"15""";External MS;"Ex. Mainstream GPU (15"">)"
802;ASUS Zenbook 13 UX331UAL;"13""";Integrated;"Thin (13""-14"")"
803;HP 14-bp100;"14""";External MS;"Thin (13""-14"")"
804;DELL Latitude 3301;"13""";Integrated;"Thin (13""-14"")"
805;ASUS ZenBook S UX391FA;"13""";Integrated;"Thin (13""-14"")"
806;Alienware M15 R2;"15""";External GM;"Gamer GPU (15"">)"
807;HP Spectre 13-ap0000 x360;"13""";Integrated;"Thin (13""-14"")"
808;HP Spectre x360 13-aw0000;"13""";Integrated;"Thin (13""-14"")"
809;Acer Predator Triton 700 (PT715-51);"15""";External GM;"Gamer GPU (15"">)"
810;ASUS ZenBook Flip UX360CA;"13""";Integrated;"Thin (13""-14"")"
811;ASUS K541UV;"15""";External MS;"Ex. Mainstream GPU (15"">)"
812;DELL Vostro 5390;"13""";External MS;"Thin (13""-14"")"
813;ASUS X555LB;"15""";None MS;None
814;ASUS VivoBook S13 S330UA;"13""";Integrated;"Thin (13""-14"")"
815;DELL Vostro 3583;"15""";External MS;"Ex. Mainstream GPU (15"">)"
816;Acer ASPIRE E5-774G;"16"">";External MS;"Ex. Mainstream GPU (15"">)"
817;MSI GT75 Titan 9SG;"16"">";External GM;"Gamer GPU (15"">)"
818;Apple MacBook Early 2016;"<12""";Integrated;"Mini (<12"")"
819;HP EliteBook x360 1030 G3;"13""";Integrated;"Thin (13""-14"")"
820;ASUS ROG GL502VS;"15""";External GM;"Gamer GPU (15"">)"
821;MSI GE75 8SG Raider;"16"">";External GM;"Gamer GPU (15"">)"
822;DELL INSPIRON 3552;"15""";Integrated;"Integrated GPU (15"">)"
823;ASUS K501UX;"15""";None GM;None
824;HP 340S G7;"14""";Integrated;"Thin (13""-14"")"
825;Lenovo IdeaPad Flex 15;"15""";None MS;None
826;KREZ N1304;"13""";Integrated;"Thin (13""-14"")"
827;Razer Blade 15 Base;"15""";External GM;"Gamer GPU (15"">)"
828;HP ZBook 17 G6;"16"">";External GM;"Gamer GPU (15"">)"
829;Lenovo ThinkPad T490s;"14""";Integrated;"Thin (13""-14"")"
830;DIGMA CITI E400;"14""";Integrated;"Thin (13""-14"")"
831;Lenovo Yoga 500 15;"15""";External None;None
832;Acer ASPIRE V3-372;"13""";Integrated;"Thin (13""-14"")"
833;MSI GE75 Raider 9SG;"16"">";External GM;"Gamer GPU (15"">)"
834;HP ZBook 14u G6;"14""";External Pro;Prof. WS
835;Lenovo Yoga S940;"14""";Integrated;"Thin (13""-14"")"
836;ASUS X751SJ;"16"">";External MS;"Ex. Mainstream GPU (15"">)"
837;HP EliteBook x360 1030 G2;"13""";Integrated;"Thin (13""-14"")"
838;ASUS VivoBook A540LA;"15""";Integrated;"Integrated GPU (15"">)"
839;DELL Precision 5540;"15""";External Pro;Prof. WS
840;Lenovo IdeaPad 110 17 Intel;"16"">";Integrated;"Integrated GPU (15"">)"
841;ASUS ZenBook UX330UA;"13""";Integrated;"Thin (13""-14"")"
842;Lenovo Yoga 900s;"<12""";Integrated;"Mini (<12"")"
843;ASUS VivoBook 14 X405UA;"14""";Integrated;"Thin (13""-14"")"
844;Acer ASPIRE 5 (A515-43G);"15""";None None;None
845;MSI GE75 Raider 9SE;"16"">";External GM;"Gamer GPU (15"">)"
846;HP ProBook 640 G2;"14""";Integrated;"Thin (13""-14"")"
847;DELL Inspiron 5390;"13""";Integrated;"Thin (13""-14"")"
848;DELL INSPIRON 3567;"15""";External MS;"Ex. Mainstream GPU (15"">)"
849;MSI GL62M 7REX;"15""";External GM;"Gamer GPU (15"">)"
850;Lenovo B50 10;None;Integrated;None
851;DELL INSPIRON 5758;None;Integrated;None
852;MSI GL73 8SC;"16"">";External GM;"Gamer GPU (15"">)"
853;MSI GE63 8RF Raider RGB;"15""";External GM;"Gamer GPU (15"">)"
854;ASUS TUF Gaming FX505DU;"15""";External GM;"Gamer GPU (15"">)"
855;Acer SWIFT 7;"13""";Integrated;"Thin (13""-14"")"
856;DELL LATITUDE E5420;"14""";Integrated;"Thin (13""-14"")"
857;Lenovo THINKPAD X240 Ultrabook;"<12""";Integrated;"Mini (<12"")"
858;Razer Blade 15 Base (2019);"15""";External GM;"Gamer GPU (15"">)"
859;HP Envy 13-d100;"13""";Integrated;"Thin (13""-14"")"
860;ASUS ROG GL753;"16"">";External GM;"Gamer GPU (15"">)"
861;Lenovo THINKPAD T570;"15""";Integrated;"Integrated GPU (15"">)"
862;MSI GL63 8SE;"15""";External GM;"Gamer GPU (15"">)"
863;Lenovo IdeaPad Z5075;"15""";None None;None
864;HP EliteBook 1050 G1;"15""";External GM;"Gamer GPU (15"">)"
865;MSI GF72 8RE;"16"">";External GM;"Gamer GPU (15"">)"
866;Acer ASPIRE ES1-521-26UW;"15""";Integrated;"Integrated GPU (15"">)"
867;HP EliteBook 1040 G3;"14""";Integrated;"Thin (13""-14"")"
868;HP PAVILION Gaming 15-ak000;"15""";External GM;"Gamer GPU (15"">)"
869;HP 17-y000;"16"">";None None;None
870;Lenovo ThinkPad P52s;"15""";External Pro;Prof. WS
871;HP Envy 15-k100;"15""";External None;None
872;Acer ASPIRE E5-571G-37BH;"15""";None None;None
873;Lenovo ThinkPad L580;"15""";Integrated;"Integrated GPU (15"">)"
874;DELL LATITUDE 5590;"15""";External MS;"Ex. Mainstream GPU (15"">)"
875;Lenovo ThinkPad 13 Ultrabook;"13""";Integrated;"Thin (13""-14"")"
876;Panasonic TOUGHBOOK CF-52;"15""";Integrated;"Integrated GPU (15"">)"
877;ASUS ROG Zephyrus GM501;"15""";External GM;"Gamer GPU (15"">)"
878;DELL Vostro 3581;"15""";External MS;"Ex. Mainstream GPU (15"">)"
879;MSI GL75 9SD;"16"">";External GM;"Gamer GPU (15"">)"
880;HP ProBook 640 G3;"14""";Integrated;"Thin (13""-14"")"
881;ASUS FX570;"15""";External GM;"Gamer GPU (15"">)"
882;DELL Vostro 5568;"15""";External MS;"Ex. Mainstream GPU (15"">)"
883;Acer SPIN 5 (SP515-51GN);"15""";External GM;"Gamer GPU (15"">)"
884;MSI Creator 15M A9SE;"15""";External GM;"Gamer GPU (15"">)"
885;MSI GT62VR 7RE Dominator Pro;"15""";External GM;"Gamer GPU (15"">)"
886;Lenovo B71-80;"16"">";None None;None
887;Lenovo THINKPAD X220;"<12""";Integrated;"Mini (<12"")"
888;DELL INSPIRON 5558;None;None MS;None
889;Fujitsu LIFEBOOK S938;"13""";Integrated;"Thin (13""-14"")"
890;Panasonic TOUGHBOOK CF-20;"<12""";Integrated;"Mini (<12"")"
891;Alienware 17;"16"">";External GM;"Gamer GPU (15"">)"
892;HP Spectre 13-v000;"13""";Integrated;"Thin (13""-14"")"
893;Acer Extensa 2508-P4P3;"15""";Integrated;"Integrated GPU (15"">)"
894;DELL Latitude 5591;"15""";None None;None
895;MSI Creator 15M A9SD;"15""";External GM;"Gamer GPU (15"">)"
896;MSI GL72 6QD;"16"">";External GM;"Gamer GPU (15"">)"
897;HP Star Wars Special Edition 15-an000;"15""";None None;None
898;Acer ASPIRE E5-571G-59NB;"15""";External MS;"Ex. Mainstream GPU (15"">)"
899;Acer SWIFT 3 (SF314-55G);"14""";External MS;"Thin (13""-14"")"
900;MSI GF62 8RD;"15""";External GM;"Gamer GPU (15"">)"
901;HP PAVILION 15-bk100 x360;"15""";Integrated;"Integrated GPU (15"">)"
902;DELL INSPIRON 5567;"15""";External MS;"Ex. Mainstream GPU (15"">)"
903;DELL Vostro 5468;"14""";External MS;"Thin (13""-14"")"
904;Acer ASPIRE E5-573G-32MQ;"15""";External MS;"Ex. Mainstream GPU (15"">)"
905;Acer ASPIRE R7-372T-553E;"13""";Integrated;"Thin (13""-14"")"
906;HP OMEN 17-w200;"16"">";External None;None
907;Acer ASPIRE E5-571G-36MP;"15""";External MS;"Ex. Mainstream GPU (15"">)"
908;HP EliteBook 745 G6;"14""";Integrated;"Thin (13""-14"")"
909;ASUS X756UQ;"16"">";None None;None
910;Lenovo ThinkPad X1 Yoga (3rd Gen);"14""";Integrated;"Thin (13""-14"")"
911;MSI GT75 8RG Titan;"16"">";External GM;"Gamer GPU (15"">)"
912;DELL LATITUDE 5289;"<12""";Integrated;"Mini (<12"")"
913;ASUS ROG GL504GM;"15""";External GM;"Gamer GPU (15"">)"
914;ASUS ROG GL704;"16"">";External GM;"Gamer GPU (15"">)"
915;HP EliteBook 850 G4;"15""";External MS;"Ex. Mainstream GPU (15"">)"
916;DELL XPS 13 9365 2-in-1;"13""";Integrated;"Thin (13""-14"")"
917;ASUS FX502VM;"15""";External GM;"Gamer GPU (15"">)"
918;MSI GE63 Raider RGB 9SF;"15""";External GM;"Gamer GPU (15"">)"
919;DELL INSPIRON 5767;"16"">";External GM;"Gamer GPU (15"">)"
920;ASUS N551VW;"15""";External GM;"Gamer GPU (15"">)"
921;DELL XPS 13 9370;"13""";Integrated;"Thin (13""-14"")"
922;ASUS Zenbook 3 Deluxe UX490UAR;"14""";Integrated;"Thin (13""-14"")"
923;HP OMEN X 15-dg0000;"15""";External GM;"Gamer GPU (15"">)"
924;Apple MacBook Pro 13 with Retina display and Touch Bar Mid 2017;"13""";Integrated;"Thin (13""-14"")"
925;HP ProBook 640 G5;"14""";Integrated;"Thin (13""-14"")"
926;HP ProBook 450 G3;"15""";None None;None
927;MSI GS73 8RE Stealth;"16"">";External GM;"Gamer GPU (15"">)"
928;Acer ASPIRE E1-532-29572G50Mn;"15""";Integrated;"Integrated GPU (15"">)"
929;ASUS ZENBOOK UX305UA;"13""";Integrated;"Thin (13""-14"")"
930;ASUS R541UJ;"15""";External MS;"Ex. Mainstream GPU (15"">)"
931;DELL Precision 7740;"16"">";External GM;"Gamer GPU (15"">)"
932;Acer Predator 17X (GX-792);"16"">";External GM;"Gamer GPU (15"">)"
933;Lenovo IdeaPad Yoga 3 11;"<12""";Integrated;"Mini (<12"")"
934;Microsoft Surface Book;"13""";None None;"Thin (13""-14"")"
935;DELL LATITUDE 3590;"15""";External MS;"Ex. Mainstream GPU (15"">)"
936;Alienware M15;"15""";External GM;"Gamer GPU (15"">)"
937;Lenovo IdeaPad 720s 13;"13""";Integrated;"Thin (13""-14"")"
938;MSI PS42 8RB;"14""";External MS;"Thin (13""-14"")"
939;MSI GL73 8RD;"16"">";External GM;"Gamer GPU (15"">)"
940;DELL XPS 15;"15""";None None;None
941;MSI GL63 9SC;"15""";External GM;"Gamer GPU (15"">)"
942;Lenovo B51-80;"15""";None None;None
943;DELL XPS 13 9350;"13""";Integrated;"Thin (13""-14"")"
944;MSI GP73 8RE Leopard;"16"">";External GM;"Gamer GPU (15"">)"
945;DELL Vostro 3558;"15""";Integrated;"Integrated GPU (15"">)"
946;Lenovo Flex 5 15;"15""";Integrated;"Integrated GPU (15"">)"
947;DELL Latitude 3500;"15""";External MS;"Ex. Mainstream GPU (15"">)"
948;ASUS X751SV;"16"">";External MS;"Ex. Mainstream GPU (15"">)"
949;DELL INSPIRON 3565;"15""";Integrated;"Integrated GPU (15"">)"
950;HP EliteBook 735 G6;"13""";Integrated;"Thin (13""-14"")"
951;Lenovo ThinkPad P52;"15""";External Pro;Prof. WS
952;Lenovo IdeaPad Flex 2 Pro;"15""";External MS;"Ex. Mainstream GPU (15"">)"
953;Panasonic TOUGHBOOK CF-33;"<12""";Integrated;"Mini (<12"")"
954;HP 17-p000;"16"">";Integrated;"Integrated GPU (15"">)"
955;ASUS K751;"16"">";None MS;None
956;MSI P65 Creator 9SD;"15""";External GM;"Gamer GPU (15"">)"
957;DELL INSPIRON 3542;"15""";External MS;"Ex. Mainstream GPU (15"">)"
958;DELL INSPIRON 7559;"15""";External GM;"Gamer GPU (15"">)"
959;MSI GP65 Leopard 9SE;"15""";External GM;"Gamer GPU (15"">)"
960;HP PAVILION 17-ab200;"16"">";External GM;"Gamer GPU (15"">)"
961;MSI GS65 Stealth 9SG;"15""";External GM;"Gamer GPU (15"">)"
962;MSI GS75 Stealth 9SG;"16"">";External GM;"Gamer GPU (15"">)"
963;DELL Vostro 3578;"15""";External MS;"Ex. Mainstream GPU (15"">)"
964;MSI GP63 8RE Leopard;"15""";External GM;"Gamer GPU (15"">)"
965;Lenovo Yoga C930;"13""";Integrated;"Thin (13""-14"")"
966;MSI GS75 Stealth 8SE;"16"">";External GM;"Gamer GPU (15"">)"
967;Acer ASPIRE E5-571G-539K;"15""";External MS;"Ex. Mainstream GPU (15"">)"
968;Acer ASPIRE E5-573G-39NW;"15""";None MS;None
969;HP PAVILION 15-br000 x360;"15""";None None;None
970;Lenovo THINKPAD L570;"15""";Integrated;"Integrated GPU (15"">)"
971;"Panasonic TOUGHBOOK CF-19 10.4""";"<12""";Integrated;"Mini (<12"")"
972;HP 14-ck1000;"14""";External MS;"Thin (13""-14"")"
973;Acer Extensa EX2511;"15""";Integrated;"Integrated GPU (15"">)"
974;DELL INSPIRON 3576;"15""";External MS;"Ex. Mainstream GPU (15"">)"
975;Alienware 15;"15""";External GM;"Gamer GPU (15"">)"
976;Lenovo IdeaPad Yoga 2 13;"13""";Integrated;"Thin (13""-14"")"
977;HP ZBook 15 G5;"15""";External Pro;Prof. WS
978;MSI GT63 Titan 9SG;"15""";External GM;"Gamer GPU (15"">)"
979;Acer Swift 7 (SF714-52T);"14""";Integrated;"Thin (13""-14"")"
980;MSI GE75 8SE Raider;"16"">";External GM;"Gamer GPU (15"">)"
981;MSI GS65 Stealth Thin 8RE;"15""";External GM;"Gamer GPU (15"">)"
982;DELL Latitude 7300;"13""";Integrated;"Thin (13""-14"")"
983;HP EliteBook 820 G4;"<12""";Integrated;"Mini (<12"")"
984;ASUS ROG Strix GL702VI;"16"">";External GM;"Gamer GPU (15"">)"
985;MSI GT75VR 7RF Titan Pro;"16"">";External GM;"Gamer GPU (15"">)"
986;ASUS ROG SCAR II Edition GL764GW;"16"">";External GM;"Gamer GPU (15"">)"
987;HP ProBook 640 G4;"14""";Integrated;"Thin (13""-14"")"
988;ASUS X556UA;"15""";Integrated;"Integrated GPU (15"">)"
989;MSI P75 Creator 9SD;"16"">";External GM;"Gamer GPU (15"">)"
990;HP EliteBook x360 830 G6;"13""";Integrated;"Thin (13""-14"")"
991;HP Envy 17-ce0000;"16"">";External MS;"Ex. Mainstream GPU (15"">)"
992;Haier LightBook S314;"13""";Integrated;"Thin (13""-14"")"
993;HP 6510b;"14""";Integrated;"Thin (13""-14"")"
994;DELL PRECISION M7520;"15""";External None;None
995;ASUS X407UB;"14""";External MS;"Thin (13""-14"")"
996;Acer ASPIRE E5-521-42HT;"15""";Integrated;"Integrated GPU (15"">)"
997;HP ZBook 15u G6;"15""";External Pro;Prof. WS
998;Lenovo IdeaPad 300 17;"16"">";Integrated;"Integrated GPU (15"">)"
999;Lenovo ThinkPad L480;"14""";Integrated;"Thin (13""-14"")"
1000;MSI GF62 8RE;"15""";External GM;"Gamer GPU (15"">)"
1001;DELL XPS 15 9550;"15""";None GM;None
1002;HP EliteBook 735 G5;"13""";Integrated;"Thin (13""-14"")"
1003;ASUS ZenBook 3 Deluxe UX490UA;"14""";Integrated;"Thin (13""-14"")"
1004;ASUS Zenbook BX433FN;"14""";External MS;"Thin (13""-14"")"
1005;Acer TravelMate P6 (TMP648-G3-M);"14""";Integrated;"Thin (13""-14"")"
1006;Lenovo B51-30;"15""";None None;None
1007;MSI GE65 Raider 9SF;"15""";External GM;"Gamer GPU (15"">)"
1008;ASUS ROG G501VW;"15""";External None;None
1009;Lenovo Yoga 720 15;"15""";None None;None
1010;HP ZBook 15u G5;"15""";External Pro;Prof. WS
1011;HP ProBook 650 G4;"15""";Integrated;"Integrated GPU (15"">)"
1012;HP EliteBook x360 1030 G4;"13""";Integrated;"Thin (13""-14"")"
1013;HP ZBook 14u G5;"14""";None None;"Thin (13""-14"")"
1014;MSI GS65 Stealth 8SG;"15""";External GM;"Gamer GPU (15"">)"
1015;DELL INSPIRON 5565;"15""";External MS;"Ex. Mainstream GPU (15"">)"
1016;MSI WT75 8SM;"16"">";External Pro;Prof. WS
1017;Getac V110;"<12""";Integrated;"Mini (<12"")"
1018;HP ZBook 15v G5;"15""";External Pro;Prof. WS
1019;DELL INSPIRON 3558;"15""";Integrated;"Integrated GPU (15"">)"
1020;MSI GE63VR 7RF Raider;"15""";External GM;"Gamer GPU (15"">)"
1021;ASUS ROG Zephyrus GX501GI;"15""";External GM;"Gamer GPU (15"">)"
1022;Apple MacBook Early 2015;"<12""";Integrated;"Mini (<12"")"
1023;Acer TravelMate P2 (TMP2410-G2-M);"14""";Integrated;"Thin (13""-14"")"
1024;Acer ASPIRE E5-573G-528S;"15""";External MS;"Ex. Mainstream GPU (15"">)"
1025;Acer Nitro 5 Spin (NP515-51);"15""";External GM;"Gamer GPU (15"">)"
1026;Acer ASPIRE E5-772G-32DL;"16"">";External MS;"Ex. Mainstream GPU (15"">)"
1027;ASUS ROG Strix G731GU;"16"">";None GM;None
1028;MSI GP73 8RD Leopard;"16"">";External GM;"Gamer GPU (15"">)"
1029;MSI GP65 Leopard 9SD;"15""";External GM;"Gamer GPU (15"">)"
1030;ASUS K540LJ;"15""";External MS;"Ex. Mainstream GPU (15"">)"
1031;MSI GF63 Thin 9SC;"15""";External GM;"Gamer GPU (15"">)"
1032;Alienware 15 R2;"15""";External GM;"Gamer GPU (15"">)"
1033;Lenovo Yoga 900 13;"13""";Integrated;"Thin (13""-14"")"
1034;Apple MacBook Pro 15 with Retina display Mid 2017;"15""";External MS;"Ex. Mainstream GPU (15"">)"
1035;ASUS X555UF;"15""";External MS;"Ex. Mainstream GPU (15"">)"
1036;DELL LATITUDE 7414;"15""";Integrated;"Integrated GPU (15"">)"
1037;Acer ASPIRE 3 (A315-31);"15""";Integrated;"Integrated GPU (15"">)"
1038;HP ProBook 455 G5;"15""";Integrated;"Integrated GPU (15"">)"
1039;MSI GT73EVR 7RE Titan;"16"">";External GM;"Gamer GPU (15"">)"
1040;ASUS ROG GL502VT;"15""";None GM;None
1041;MSI GT83VR 7RE Titan SLI;"16"">";External GM;"Gamer GPU (15"">)"
1042;ASUS Zenbook UX310UF;"13""";External MS;"Thin (13""-14"")"
1043;Lenovo V110 14 Intel;"14""";Integrated;"Thin (13""-14"")"
1044;ASUS ROG G701VIK;"16"">";External GM;"Gamer GPU (15"">)"
1045;MSI P65 Creator 9SG;"15""";External GM;"Gamer GPU (15"">)"
1046;MSI GT63 Titan 8RF;"15""";External GM;"Gamer GPU (15"">)"
1047;Acer SPIN 5 (SP515-51N);"15""";Integrated;"Integrated GPU (15"">)"
1048;Lenovo IdeaPad 510s 14;"14""";None None;"Thin (13""-14"")"
1049;Getac X500;"15""";Integrated;"Integrated GPU (15"">)"
1050;Lenovo ThinkPad P51;"15""";External None;None
1051;MSI GE63 8RE Raider RGB;"15""";External GM;"Gamer GPU (15"">)"
1052;MSI GS65 Stealth 8SF;"15""";External GM;"Gamer GPU (15"">)"
1053;Acer ASPIRE ES1-521-634P;"15""";Integrated;"Integrated GPU (15"">)"
1054;HP EliteBook x360 1040 G6;"14""";Integrated;"Thin (13""-14"")"
1055;Lenovo THINKPAD X1 Yoga;"14""";Integrated;"Thin (13""-14"")"
1056;Lenovo ThinkPad X380 Yoga;"13""";Integrated;"Thin (13""-14"")"
1057;MSI GF75 THIN 9SC;"16"">";External GM;"Gamer GPU (15"">)"
1058;Acer Predator 15 (G9-592);"15""";External GM;"Gamer GPU (15"">)"
1059;Acer TravelMate P2 (TMP2510-G2-M);"15""";Integrated;"Integrated GPU (15"">)"
1060;Acer ASPIRE E5-571G-32BH;"15""";External MS;"Ex. Mainstream GPU (15"">)"
1061;DELL PRECISION 3530;"15""";External Pro;Prof. WS
1062;Acer TravelMate P4 (TMP449-G3-M);"14""";Integrated;"Thin (13""-14"")"
1063;HP EliteBook 830 G6;"13""";Integrated;"Thin (13""-14"")"
1064;Acer ASPIRE E5-573-C68M;"15""";Integrated;"Integrated GPU (15"">)"
1065;Acer TravelMate P2 (TMP278-MG);"16"">";External MS;"Ex. Mainstream GPU (15"">)"
1066;HP ZBook 15u G3;"15""";None None;None
1067;Acer ASPIRE E5-573G-34JQ;"15""";External MS;"Ex. Mainstream GPU (15"">)"
1068;HP EliteBook x360 1040 G5;"14""";Integrated;"Thin (13""-14"")"
1069;MSI GT73EVR 7RF Titan Pro;"16"">";External GM;"Gamer GPU (15"">)"
1070;DELL LATITUDE D430;None;Integrated;None
1071;ASUS FX553VD;"15""";External GM;"Gamer GPU (15"">)"
1072;MSI WE75 9TK;"16"">";External GM;"Gamer GPU (15"">)"
1073;MSI GL72 6QF;"16"">";External GM;"Gamer GPU (15"">)"
1074;Acer ASPIRE E5-571G-366P;"15""";External MS;"Ex. Mainstream GPU (15"">)"
1075;MSI GV62 8RD;"15""";External GM;"Gamer GPU (15"">)"
1076;Acer Nitro 5 (AN515-53);"15""";External None;None
1077;ASUS VivoBook 17 X705UV;"16"">";External MS;"Ex. Mainstream GPU (15"">)"
1078;Acer ASPIRE ES1-520-51WB;"15""";Integrated;"Integrated GPU (15"">)"
1079;ASUS ZenBook UX410UQ;"14""";External MS;"Thin (13""-14"")"
1080;ASUS N551JB;"15""";External MS;"Ex. Mainstream GPU (15"">)"
1081;ASUS K556UQ;"15""";External MS;"Ex. Mainstream GPU (15"">)"
1082;HP Envy 13-aq1000;"13""";None None;"Thin (13""-14"")"
1083;Acer ASPIRE E5-521-45Q4;"15""";Integrated;"Integrated GPU (15"">)"
1084;ASUS K555LI;"15""";External MS;"Ex. Mainstream GPU (15"">)"
1085;MSI GT80S 6QD Titan SLI;"16"">";None GM;None
1086;ASUS A553SA;"15""";Integrated;"Integrated GPU (15"">)"
1087;Acer ASPIRE E5-571G-34J9;"15""";External MS;"Ex. Mainstream GPU (15"">)"
1088;Acer ASPIRE E5-571-33PQ;"15""";Integrated;"Integrated GPU (15"">)"
1089;Acer ASPIRE E5-573-34JQ;"15""";External MS;"Ex. Mainstream GPU (15"">)"
1090;MSI GL75 9SEK;"16"">";External GM;"Gamer GPU (15"">)"
1091;MSI GV62VR 7RF;"15""";External GM;"Gamer GPU (15"">)"
1092;DELL XPS 15 9575;"15""";External GM;"Gamer GPU (15"">)"
1093;HP Chromebook 14-q000;"14""";Integrated;"Thin (13""-14"")"
1094;DELL Precision 3541;"15""";External Pro;Prof. WS
1095;Acer ASPIRE E5-571G-31VE;"15""";External MS;"Ex. Mainstream GPU (15"">)"
1096;MSI GP72 7RDX Leopard;"16"">";External GM;"Gamer GPU (15"">)"
1097;Acer Extensa EX2520;"15""";Integrated;"Integrated GPU (15"">)"
1098;Panasonic Toughbook CF-54;"14""";Integrated;"Thin (13""-14"")"
1099;HP ZBook Studio G4;"15""";External Pro;Prof. WS
1100;MSI GS63VR 7RF Stealth Pro;"15""";External GM;"Gamer GPU (15"">)"
1101;Alienware 17 R4;"16"">";External GM;"Gamer GPU (15"">)"
1102;MSI PL60 7RD;"15""";External GM;"Gamer GPU (15"">)"
1103;Acer ASPIRE ES1-522-46WN;"15""";Integrated;"Integrated GPU (15"">)"
1104;MSI GE75 Raider 8RF;"16"">";External GM;"Gamer GPU (15"">)"
1105;MSI GT73VR 6RF Titan Pro;"16"">";External GM;"Gamer GPU (15"">)"
1106;Lenovo IdeaPad 110 14;"14""";Integrated;"Thin (13""-14"")"
1107;DELL LATITUDE 7370;"13""";Integrated;"Thin (13""-14"")"
1108;MSI GL62MVR 7RFX;"15""";External GM;"Gamer GPU (15"">)"
1109;MSI GV62 8RC;"15""";External GM;"Gamer GPU (15"">)"
1110;HP PAVILION 14-dd0000 x360;"14""";Integrated;"Thin (13""-14"")"
1111;GIGABYTE AORUS X9;"15""";External GM;"Gamer GPU (15"">)"
1112;"Panasonic TOUGHBOOK CF-19 10.1""";"<12""";Integrated;"Mini (<12"")"
1113;Acer ASPIRE E5-571-3980;"15""";Integrated;"Integrated GPU (15"">)"
1114;Acer TravelMate P4 (TMP449-G3-MG);"14""";External MS;"Thin (13""-14"")"
1115;Acer ASPIRE E5-532-C7VP;"15""";Integrated;"Integrated GPU (15"">)"
1116;Lenovo THINKPAD X1 YOGA (2nd Gen);"14""";Integrated;"Thin (13""-14"")"
1117;Acer ASPIRE E5-573G-31V3;"15""";External MS;"Ex. Mainstream GPU (15"">)"
1118;Acer ASPIRE E5-772G-31T6;"16"">";External MS;"Ex. Mainstream GPU (15"">)"
1119;Acer ASPIRE E5-772G-32CD;"16"">";External MS;"Ex. Mainstream GPU (15"">)"
1120;DELL Latitude 7400 2-in-1;"14""";Integrated;"Thin (13""-14"")"
1121;MSI GT73VR 6RE Titan;"16"">";External GM;"Gamer GPU (15"">)"
1122;Alienware 15 R3;"15""";External GM;"Gamer GPU (15"">)"
1123;ASUS R541UA;"15""";Integrated;"Integrated GPU (15"">)"
1124;ASUS VivoBook Max F541UV;"15""";External MS;"Ex. Mainstream GPU (15"">)"
1125;ASUS X555UA;"15""";Integrated;"Integrated GPU (15"">)"
1126;Acer ASPIRE ES1-571-C3N5;"15""";Integrated;"Integrated GPU (15"">)"
1127;Acer ASPIRE E5-573G-53ZF;"15""";External MS;"Ex. Mainstream GPU (15"">)"
1128;HP EliteBook 8560w;"15""";External Pro;Prof. WS
1129;Acer ASPIRE ES1-522-40A0;"15""";Integrated;"Integrated GPU (15"">)"
1130;MSI GE63 8SG Raider RGB;"15""";External GM;"Gamer GPU (15"">)"
1131;DELL Precision 3540;"15""";External Pro;Prof. WS
1132;Acer ASPIRE E5-532-P9Y5;"15""";Integrated;"Integrated GPU (15"">)"
1133;ASUS VivoBook 15 X505ZA;"15""";Integrated;"Integrated GPU (15"">)"
1134;Acer ASPIRE E5-573G-51GS;"15""";External MS;"Ex. Mainstream GPU (15"">)"
1135;Acer ASPIRE E5-571-39R5;"15""";Integrated;"Integrated GPU (15"">)"
1136;ASUS X756UB;"16"">";None MS;None
1137;ASUS R540LA;"15""";Integrated;"Integrated GPU (15"">)"
1138;Acer ASPIRE E5-772-34B4;"16"">";Integrated;"Integrated GPU (15"">)"
1139;Acer ASPIRE ES1-520-542Z;"15""";Integrated;"Integrated GPU (15"">)"
1140;Acer ASPIRE E5-521-493T;"15""";Integrated;"Integrated GPU (15"">)"
1141;Acer ASPIRE E5-573G-56SG;"15""";External MS;"Ex. Mainstream GPU (15"">)"
1142;DELL LATITUDE 7390 2-in-1;"13""";Integrated;"Thin (13""-14"")"
1143;Acer ASPIRE E5-571-32M4;"15""";Integrated;"Integrated GPU (15"">)"
1144;Acer ASPIRE E5-532-P8N6;"15""";Integrated;"Integrated GPU (15"">)"
1145;Acer Extensa 2510G-345E;"15""";External MS;"Ex. Mainstream GPU (15"">)"
1146;Acer ASPIRE E5-571G-34SL;"15""";None MS;None
1147;Acer ASPIRE F5-573G-53DG;"15""";External MS;"Ex. Mainstream GPU (15"">)"
1148;Acer ASPIRE ES1-571-58HY;"15""";Integrated;"Integrated GPU (15"">)"
1149;HP ZBook 17 G5;"16"">";External Pro;Prof. WS
1150;MSI GT80S 6QE Titan SLI;"16"">";None GM;None
1151;DELL LATITUDE 7290;"<12""";Integrated;"Mini (<12"")"
1152;ASUS ROG G752VS;"16"">";External GM;"Gamer GPU (15"">)"
1153;DELL PRECISION 7730;"16"">";External Pro;Prof. WS
1154;MSI GE63 8SE Raider RGB;"15""";External GM;"Gamer GPU (15"">)"
1155;DELL LATITUDE D531;"15""";Integrated;"Integrated GPU (15"">)"
1156;Acer ASPIRE E5-573G-50XA;"15""";External MS;"Ex. Mainstream GPU (15"">)"
1157;MSI GV62 8RE;"15""";External GM;"Gamer GPU (15"">)"
1158;ASUS R558UF;"15""";External MS;"Ex. Mainstream GPU (15"">)"
1159;MSI GS73 8RF Stealth;"16"">";External GM;"Gamer GPU (15"">)"
1160;Acer ASPIRE E5-571G-30G2;"15""";External MS;"Ex. Mainstream GPU (15"">)"
1161;Acer ASPIRE R5-471T-52ES;"14""";Integrated;"Thin (13""-14"")"
1162;Acer ASPIRE F5-571-P6TK;"15""";Integrated;"Integrated GPU (15"">)"
1163;MSI GE72VR 7RF Apache Pro;"16"">";External GM;"Gamer GPU (15"">)"
1164;MSI GS73 7RE Stealth Pro;"16"">";External GM;"Gamer GPU (15"">)"
1165;Acer ASPIRE ES1-522-495D;"15""";Integrated;"Integrated GPU (15"">)"
1166;Acer ASPIRE E5-523-6973;"15""";Integrated;"Integrated GPU (15"">)"
1167;Fujitsu-Siemens LIFEBOOK S6410;"13""";None MS;"Thin (13""-14"")"
1168;Acer ASPIRE E5-573G-31P0;"15""";External MS;"Ex. Mainstream GPU (15"">)"
1169;Acer ASPIRE ES1-522-45UD;"15""";Integrated;"Integrated GPU (15"">)"
1170;MSI GE62 7RE Camo Squad Limited Edition;"15""";External GM;"Gamer GPU (15"">)"
1171;Acer TravelMate X5 (TMX514-51);"14""";Integrated;"Thin (13""-14"")"
1172;Acer ASPIRE F5-571-C98R;"15""";Integrated;"Integrated GPU (15"">)"
1173;Acer ASPIRE ES1-571-36ZX;"15""";Integrated;"Integrated GPU (15"">)"
1174;HP EliteBook x360 830 G5;"13""";Integrated;"Thin (13""-14"")"
1175;Acer ASPIRE E5-573G-380H;"15""";External MS;"Ex. Mainstream GPU (15"">)"
1176;Acer ASPIRE E5-573G-36VL;"15""";External MS;"Ex. Mainstream GPU (15"">)"
1177;Acer ASPIRE E5-774-38DF;"16"">";Integrated;"Integrated GPU (15"">)"
1178;MSI GS73VR 7RF Stealth Pro;"16"">";None GM;None
1179;Acer ASPIRE E5-573-57Y6;"15""";Integrated;"Integrated GPU (15"">)"
1180;ASUS R558UQ;"15""";External MS;"Ex. Mainstream GPU (15"">)"
1181;Acer ASPIRE E5-573-331J;"15""";External MS;"Ex. Mainstream GPU (15"">)"
1182;Acer ASPIRE E5-574-58JM;"15""";Integrated;"Integrated GPU (15"">)"
1183;MSI WE73 8SJ;"16"">";External Pro;Prof. WS
1184;Acer ASPIRE E5-573G-33T6;"15""";External MS;"Ex. Mainstream GPU (15"">)"
1185;MSI PE62 7RD;"15""";External GM;"Gamer GPU (15"">)"
1186;Acer ASPIRE E5-573-372Y;"15""";Integrated;"Integrated GPU (15"">)"
1187;HP ProBook 6460b;"14""";Integrated;"Thin (13""-14"")"
1188;Acer ASPIRE E5-573G-39RL;"15""";External MS;"Ex. Mainstream GPU (15"">)"
1189;Acer ASPIRE E5-772G-30D7;"16"">";External MS;"Ex. Mainstream GPU (15"">)"
1190;Acer ASPIRE E5-571G-33X8;"15""";External MS;"Ex. Mainstream GPU (15"">)"
1191;Panasonic TOUGHBOOK CF-XZ6;"<12""";Integrated;"Mini (<12"")"
1192;DELL PRECISION 7530;"15""";External Pro;Prof. WS
1193;Acer ASPIRE ES1-571-326A;"15""";Integrated;"Integrated GPU (15"">)"
1194;Acer ASPIRE E5-573G-352D;"15""";External MS;"Ex. Mainstream GPU (15"">)"
1195;Acer ASPIRE E5-573G-598B;"15""";External MS;"Ex. Mainstream GPU (15"">)"
1196;Acer ASPIRE E5-573G-376D;"15""";External MS;"Ex. Mainstream GPU (15"">)"
1197;MSI GF63 Thin 8RCS;"15""";External GM;"Gamer GPU (15"">)"
1198;HP ZBook Studio G3;"15""";None None;None
1199;Acer ASPIRE E5-774-35NA;"16"">";Integrated;"Integrated GPU (15"">)"
1200;Acer ASPIRE E5-573G-39HC;"15""";Integrated;"Integrated GPU (15"">)"
1201;Acer ASPIRE E5-573-P0EB;"15""";Integrated;"Integrated GPU (15"">)"
1202;Acer ASPIRE E5-573G-37HW;"15""";External MS;"Ex. Mainstream GPU (15"">)"
1203;Acer ASPIRE E5-573-314H;"15""";Integrated;"Integrated GPU (15"">)"
1204;Acer ASPIRE E5-573-365Z;"15""";Integrated;"Integrated GPU (15"">)"
1205;Acer ASPIRE E5-772-348N;"16"">";Integrated;"Integrated GPU (15"">)"
1206;Acer ASPIRE E5-573G-371M;"15""";External MS;"Ex. Mainstream GPU (15"">)"
1207;Acer ASPIRE E5-575-325R;"15""";Integrated;"Integrated GPU (15"">)"
1208;HP ZBook 17 G4;"16"">";External Pro;Prof. WS
1209;Acer ASPIRE E5-573G-358T;"15""";External MS;"Ex. Mainstream GPU (15"">)"
1210;HP nc6400;"14""";Integrated;"Thin (13""-14"")"
1211;ASUS ROG STRIX SCAR II GL564;"15""";External GM;"Gamer GPU (15"">)"
1212;MSI GT72 6QE Dominator Pro G;"16"">";External GM;"Gamer GPU (15"">)"
1213;MSI GV72VR 7RF;"16"">";External GM;"Gamer GPU (15"">)"
1214;DELL LATITUDE 7280;"<12""";Integrated;"Mini (<12"")"
1215;HP Spectre Pro x360 G1;"13""";Integrated;"Thin (13""-14"")"
1216;MSI WS75 9TJ;"16"">";External Pro;Prof. WS
1217;MSI GT63 8SG Titan;"15""";External GM;"Gamer GPU (15"">)"
1218;HP Chromebook 13 G1;"13""";Integrated;"Thin (13""-14"")"
1219;DIGMA CITI E302;"13""";Integrated;"Thin (13""-14"")"
1220;MSI WE73 8SK;"16"">";External Pro;Prof. WS
1221;MSI WS75 9TK;"16"">";External GM;"Gamer GPU (15"">)"
1222;MSI P65 Creator 8SF;"15""";External GM;"Gamer GPU (15"">)"
1223;DELL Latitude 5300 2-in-1;"13""";Integrated;"Thin (13""-14"")"
1224;HP ZBook 15u G4;"15""";None None;None
1225;MSI WT73VR 7RM;"16"">";External Pro;Prof. WS
1226;MSI GT73VR 6RE Titan SLI;"16"">";External GM;"Gamer GPU (15"">)"
1227;MSI GT62VR 6RE Dominator Pro;"15""";External GM;"Gamer GPU (15"">)"
1228;MSI GL63 8RE;"15""";External GM;"Gamer GPU (15"">)"
1229;MSI PE60 6QD;"15""";External GM;"Gamer GPU (15"">)"
1230;MSI WT75 8SL;"16"">";External Pro;Prof. WS
1231;MSI GT63 8SF Titan;"15""";External GM;"Gamer GPU (15"">)"
1232;ASUS ROG Zephyrus GX501VS;"15""";None GM;None
1233;HP EliteBook 2560p;"<12""";Integrated;"Mini (<12"")"
1234;DIGMA EVE 605;"15""";Integrated;"Integrated GPU (15"">)"
1235;Apple MacBook Pro 13 with Retina display Late 2016;"13""";Integrated;"Thin (13""-14"")"
1236;MSI WS63 8SK;"15""";External Pro;Prof. WS
1237;DELL LATITUDE D630;"14""";Integrated;"Thin (13""-14"")"
1238;MSI GL73 9SDK;"16"">";External GM;"Gamer GPU (15"">)"
1239;MSI PE62 8RC;"15""";External GM;"Gamer GPU (15"">)"
1240;DELL INSPIRON 5559;"15""";None MS;None
1241;Microsoft Surface Book with Performance Base;"13""";External GM;"Thin (13""-14"")"
1242;HP EliteBook 2530p;"<12""";Integrated;"Mini (<12"")"
