"Name";"Screen_size";"Video_conf";"Clusters_screen_gpu"
"ASUS VivoBook 15 X512";"15""";"Integrated";"Integrated GPU (15"">)"
"ASUS Laptop 15 X509";"15""";"External MS";"Ex. Mainstream GPU (15"">)"
"ASUS TUF Gaming FX505";"15""";"External GM";"Gamer GPU (15"">)"
"Xiaomi RedmiBook 14""";"14""";"External MS";"Thin (13""-14"")"
"Lenovo IdeaPad S340-15 AMD";"15""";"Integrated";"Integrated GPU (15"">)"
"ASUS ZenBook 14 UM431";"14""";"Integrated";"Thin (13""-14"")"
"Apple MacBook Pro 13 with Retina display and Touch Bar Mid 2019";"13""";"Integrated";"Thin (13""-14"")"
"Acer ASPIRE 3 (A315-54K)";"15""";"Integrated";"Integrated GPU (15"">)"
"Lenovo IdeaPad S340-14 Intel";"14""";"Integrated";"Thin (13""-14"")"
"Lenovo Ideapad L340-15 AMD";"15""";"Integrated";"Integrated GPU (15"">)"
"HP 250 G6";"15""";"Integrated";"Integrated GPU (15"">)"
"ASUS M509";"15""";"Integrated";"Integrated GPU (15"">)"
"Lenovo Ideapad L340-15 Intel";"15""";"External GM";"Gamer GPU (15"">)"
"Lenovo Ideapad L340-17 AMD";"16"">";"External GM";"Gamer GPU (15"">)"
"HP 250 G7";"15""";"Integrated";"Integrated GPU (15"">)"
"ASUS VivoBook S15 S531";"15""";"Integrated";"Integrated GPU (15"">)"
"ASUS ZenBook 14 UX433";"14""";"External MS";"Thin (13""-14"")"
"Acer TravelMate P2 (TMP259)";"15""";"External MS";"Ex. Mainstream GPU (15"">)"
"ASUS M570";"15""";"External GM";"Gamer GPU (15"">)"
"Lenovo Ideapad 330 15 Intel";"15""";"External GM";"Gamer GPU (15"">)"
"ASUS ZenBook UX410UA";"14""";"Integrated";"Thin (13""-14"")"
"Acer SWIFT 3 (SF314-58)";"14""";"Integrated";"Thin (13""-14"")"
"ASUS VivoBook S13 S330";"13""";"External MS";"Thin (13""-14"")"
"ASUS VivoBook X543";"None";"Integrated";"None"
"ASUS VivoBook 14 X403";"14""";"Integrated";"Thin (13""-14"")"
"Lenovo V130 15";"15""";"Integrated";"Integrated GPU (15"">)"
"Lenovo IdeaPad S145";"None";"External MS";"None"
"ASUS VivoBook A512";"15""";"Integrated";"Integrated GPU (15"">)"
"Xiaomi Mi Notebook Air 13.3"" 2019";"13""";"External MS";"Thin (13""-14"")"
"ASUS VivoBook 17 X712";"16"">";"External MS";"Ex. Mainstream GPU (15"">)"
"Acer Aspire 5 (A515-54)";"15""";"Integrated";"Integrated GPU (15"">)"
"MSI GF63 Thin 9RCX";"15""";"External GM";"Gamer GPU (15"">)"
"Acer Aspire 3 (A315-42G)";"15""";"External GM";"Gamer GPU (15"">)"
"Acer Aspire 3 (A315-42)";"15""";"Integrated";"Integrated GPU (15"">)"
"Lenovo IdeaPad S340-15 Intel";"15""";"External MS";"Ex. Mainstream GPU (15"">)"
"DELL XPS 15 7590";"15""";"External GM";"Gamer GPU (15"">)"
"Lenovo Ideapad L340 (15) Gaming";"None";"External GM";"None"
"Xiaomi Mi Notebook Pro 15.6 GTX";"15""";"External GM";"Gamer GPU (15"">)"
"ASUS VivoBook 15 X540";"15""";"Integrated";"Integrated GPU (15"">)"
"DELL Vostro 5590";"15""";"External MS";"Ex. Mainstream GPU (15"">)"
"ASUS E203MA";"<12""";"Integrated";"Mini (<12"")"
"ASUS ZenBook 15 UX533";"15""";"External GM";"Gamer GPU (15"">)"
"Acer ASPIRE 3 (A315-21)";"15""";"Integrated";"Integrated GPU (15"">)"
"Xiaomi Mi Notebook Pro 15.6 2019";"15""";"External MS";"Ex. Mainstream GPU (15"">)"
"Acer Extensa 15 EX215-51";"15""";"Integrated";"Integrated GPU (15"">)"
"Apple MacBook Air 13 дисплей Retina с технологией True Tone Mid 2019";"13""";"Integrated";"Thin (13""-14"")"
"MSI Modern 14 A10M";"14""";"Integrated";"Thin (13""-14"")"
"HP Pavilion Gaming 15-ec0000";"15""";"External GM";"Gamer GPU (15"">)"
"HP PAVILION 17-cd0000";"16"">";"External GM";"Gamer GPU (15"">)"
"DELL Inspiron 5491 2-in-1";"14""";"External MS";"Thin (13""-14"")"
"Xiaomi RedmiBook 14"" Enhanced Edition";"14""";"External MS";"Thin (13""-14"")"
"ASUS VivoBook X420";"14""";"Integrated";"Thin (13""-14"")"
"DELL Inspiron 3582";"15""";"Integrated";"Integrated GPU (15"">)"
"ASUS Zenbook 14 UX431";"14""";"Integrated";"Thin (13""-14"")"
"ASUS ZenBook Flip 15 UX563";"15""";"External GM";"Gamer GPU (15"">)"
"HP ProBook 430 G6";"13""";"Integrated";"Thin (13""-14"")"
"Lenovo Ideapad L340-17 Intel";"16"">";"Integrated";"Integrated GPU (15"">)"
"HUAWEI MateBook D 15.6""";"15""";"External None";"None"
"ASUS TUF Gaming FX705";"16"">";"External GM";"Gamer GPU (15"">)"
"ASUS ZenBook 14 UX434";"14""";"External MS";"Thin (13""-14"")"
"ASUS ZenBook 13 UX333FA";"13""";"Integrated";"Thin (13""-14"")"
"Lenovo ThinkBook 15";"15""";"External MS";"Ex. Mainstream GPU (15"">)"
"Xiaomi Mi Notebook Air 12.5"" 2019";"<12""";"Integrated";"Mini (<12"")"
"ASUS VivoBook X540";"15""";"External MS";"Ex. Mainstream GPU (15"">)"
"ASUS TUF Gaming FX505DT";"15""";"External GM";"Gamer GPU (15"">)"
"Acer Nitro 5 (AN515-54)";"15""";"External GM";"Gamer GPU (15"">)"
"Apple MacBook Pro 16 with Retina display and Touch Bar Late 2019";"16"">";"External MS";"Ex. Mainstream GPU (15"">)"
"HUAWEI MateBook 13";"13""";"External MS";"Thin (13""-14"")"
"ASUS X507UA";"15""";"Integrated";"Integrated GPU (15"">)"
"Lenovo Legion Y540-15";"15""";"External GM";"Gamer GPU (15"">)"
"HP ProBook 440 G6";"14""";"External MS";"Thin (13""-14"")"
"HP Stream 11-aj0000";"<12""";"Integrated";"Mini (<12"")"
"ASUS ZenBook 15 UX534";"15""";"None";"None"
"Lenovo V145";"15""";"Integrated";"Integrated GPU (15"">)"
"Lenovo V130 14";"14""";"Integrated";"Thin (13""-14"")"
"ASUS VivoBook 14 F412";"14""";"Integrated";"Thin (13""-14"")"
"MSI GL65 9SCK";"15""";"External GM";"Gamer GPU (15"">)"
"Xiaomi Mi Gaming Laptop 2019";"15""";"External GM";"Gamer GPU (15"">)"
"ASUS VivoBook Flip 14 TP412";"14""";"Integrated";"Thin (13""-14"")"
"Lenovo Yoga S740";"None";"External MS";"None"
"HP 14-dk0000";"14""";"Integrated";"Thin (13""-14"")"
"ASUS PRO P1440";"14""";"External MS";"Thin (13""-14"")"
"HP 15-db1000";"15""";"Integrated";"Integrated GPU (15"">)"
"HP PAVILION 15-cw1000";"15""";"Integrated";"Integrated GPU (15"">)"
"Lenovo IdeaPad S340-14 AMD";"14""";"Integrated";"Thin (13""-14"")"
"ASUS X540MA";"15""";"Integrated";"Integrated GPU (15"">)"
"MSI GL65 9SDK";"15""";"External GM";"Gamer GPU (15"">)"
"HP PAVILION 14-dh0000 x360";"14""";"Integrated";"Thin (13""-14"")"
"Microsoft Surface Laptop";"13""";"Integrated";"Thin (13""-14"")"
"Acer Extensa 15 EX215-51KG";"15""";"External MS";"Ex. Mainstream GPU (15"">)"
"ASUS VivoBook 14 X412";"14""";"Integrated";"Thin (13""-14"")"
"Acer Extensa 15 EX215-51G";"15""";"External MS";"Ex. Mainstream GPU (15"">)"
"HP ProBook 455 G6";"15""";"Integrated";"Integrated GPU (15"">)"
"Lenovo Ideapad 530s 14 Intel";"None";"External MS";"None"
"DELL G3 15 3590";"15""";"External GM";"Gamer GPU (15"">)"
"Acer ASPIRE 5 (A517-51G)";"16"">";"External MS";"Ex. Mainstream GPU (15"">)"
"HUAWEI MateBook X Pro";"13""";"External MS";"Thin (13""-14"")"
"DELL Vostro 3584";"15""";"Integrated";"Integrated GPU (15"">)"
"Lenovo Yoga 530-14 Intel";"14""";"Integrated";"Thin (13""-14"")"
"DELL G5 15 5590";"15""";"External GM";"Gamer GPU (15"">)"
"ASUS ROG GL731";"16"">";"External GM";"Gamer GPU (15"">)"
"HP 15-db0000";"15""";"Integrated";"Integrated GPU (15"">)"
"Acer SWIFT 3 (SF314-57)";"14""";"Integrated";"Thin (13""-14"")"
"HP ProBook 450 G6";"15""";"External MS";"Ex. Mainstream GPU (15"">)"
"DELL Inspiron 3593";"15""";"External MS";"Ex. Mainstream GPU (15"">)"
"Google Pixelbook";"<12""";"Integrated";"Mini (<12"")"
"Lenovo Ideapad 330 15 AMD";"15""";"External MS";"Ex. Mainstream GPU (15"">)"
"ASUS Vivobook 17 X705MA";"16"">";"Integrated";"Integrated GPU (15"">)"
"DELL G7 17 7790";"16"">";"External GM";"Gamer GPU (15"">)"
"DELL INSPIRON 5570";"15""";"External MS";"Ex. Mainstream GPU (15"">)"
"ASUS ZenBook Flip 14 UX463";"14""";"External MS";"Thin (13""-14"")"
"MSI GL75 9SCK";"16"">";"External GM";"Gamer GPU (15"">)"
"Lenovo V340-17";"16"">";"External MS";"Ex. Mainstream GPU (15"">)"
"Lenovo ThinkPad E14";"14""";"External MS";"Thin (13""-14"")"
"ASUS VivoBook 15 X505";"15""";"Integrated";"Integrated GPU (15"">)"
"HP 255 G7";"15""";"Integrated";"Integrated GPU (15"">)"
"MSI PS42 Modern 8RA";"14""";"External MS";"Thin (13""-14"")"
"Apple MacBook Air 13 Mid 2017";"13""";"Integrated";"Thin (13""-14"")"
"HP 15-rb000";"15""";"Integrated";"Integrated GPU (15"">)"
"HP 15-da0000";"15""";"External MS";"Ex. Mainstream GPU (15"">)"
"ASUS ROG Strix G GL531";"15""";"External GM";"Gamer GPU (15"">)"
"ASUS X571";"None";"None";"None"
"DELL INSPIRON 3573";"None";"None";"None"
"DELL Vostro 5490";"14""";"External MS";"Thin (13""-14"")"
"Acer SWIFT 3 (SF314-58G)";"14""";"External MS";"Thin (13""-14"")"
"HP 14-cm0000";"14""";"Integrated";"Thin (13""-14"")"
"Haier U156";"15""";"Integrated";"Integrated GPU (15"">)"
"Lenovo THINKPAD X1 Carbon Ultrabook (7th Gen)";"14""";"Integrated";"Thin (13""-14"")"
"ASUS ZenBook 14 UX433FA";"14""";"Integrated";"Thin (13""-14"")"
"Acer Extensa 15 EX215-21";"15""";"Integrated";"Integrated GPU (15"">)"
"Honor MagicBook AMD";"14""";"Integrated";"Thin (13""-14"")"
"Acer Nitro 5 (AN517-51)";"16"">";"External GM";"Gamer GPU (15"">)"
"Xiaomi Mi Notebook 15.6 Lite";"15""";"Integrated";"Integrated GPU (15"">)"
"Xiaomi Mi Notebook Air 12.5""";"<12""";"Integrated";"Mini (<12"")"
"Lenovo ThinkPad Edge E495";"14""";"Integrated";"Thin (13""-14"")"
"HP 17-ca0000";"16"">";"Integrated";"Integrated GPU (15"">)"
"Lenovo IdeaPad S540 15 Intel";"15""";"External GM";"Gamer GPU (15"">)"
"HP PAVILION 14-ce3000";"14""";"Integrated";"Thin (13""-14"")"
"Acer ASPIRE 3 (A317-51)";"16"">";"Integrated";"Integrated GPU (15"">)"
"Acer Extensa 15 EX215-51K";"15""";"Integrated";"Integrated GPU (15"">)"
"Apple MacBook Pro 15 with Retina display Mid 2019";"15""";"External MS";"Ex. Mainstream GPU (15"">)"
"ASUS ZenBook 13 UX331UA";"13""";"Integrated";"Thin (13""-14"")"
"HP Envy 13-ad000";"13""";"External MS";"Thin (13""-14"")"
"Lenovo Ideapad L340 (17) Gaming";"16"">";"External GM";"Gamer GPU (15"">)"
"Acer ASPIRE E 15 (E5-576G)";"15""";"External MS";"Ex. Mainstream GPU (15"">)"
"HP 14s-dq1000";"14""";"Integrated";"Thin (13""-14"")"
"Lenovo ThinkPad Edge E490";"14""";"Integrated";"Thin (13""-14"")"
"HP 15-da1000";"15""";"Integrated";"Integrated GPU (15"">)"
"ASUS VivoBook Flip 14 TP412UA";"14""";"Integrated";"Thin (13""-14"")"
"Xiaomi Mi Gaming Laptop";"15""";"External GM";"Gamer GPU (15"">)"
"ASUS VivoBook F512DA";"15""";"Integrated";"Integrated GPU (15"">)"
"ASUS VivoBook R540BA";"15""";"Integrated";"Integrated GPU (15"">)"
"ASUS X507UF";"15""";"External MS";"Ex. Mainstream GPU (15"">)"
"ASUS VivoBook S15 S532";"15""";"External MS";"Ex. Mainstream GPU (15"">)"
"Lenovo ThinkPad X280";"<12""";"Integrated";"Mini (<12"")"
"ASUS TUF Gaming FX505DD";"15""";"External GM";"Gamer GPU (15"">)"
"Honor MAGICBOOK PRO";"16"">";"Integrated";"Integrated GPU (15"">)"
"HP 15s-fq0000";"15""";"Integrated";"Integrated GPU (15"">)"
"ASUS VivoBook 17 M705";"16"">";"None";"None"
"Irbis NB211";"<12""";"Integrated";"Mini (<12"")"
"Alienware Area-51m";"16"">";"External GM";"Gamer GPU (15"">)"
"MSI GL75 9SDK";"16"">";"External GM";"Gamer GPU (15"">)"
"Acer Nitro 5 (AN515-52)";"15""";"External GM";"Gamer GPU (15"">)"
"Lenovo ThinkPad L13";"13""";"Integrated";"Thin (13""-14"")"
"Irbis NB241";"14""";"Integrated";"Thin (13""-14"")"
"HP Envy 13-ar0000 x360";"13""";"Integrated";"Thin (13""-14"")"
"Xiaomi Mi Notebook Air 13.3"" 2018";"13""";"External MS";"Thin (13""-14"")"
"Apple MacBook Mid 2017";"<12""";"Integrated";"Mini (<12"")"
"Apple MacBook Late 2018";"<12""";"Integrated";"Mini (<12"")"
"ASUS X545";"15""";"External MS";"Ex. Mainstream GPU (15"">)"
"HP 17-by0000";"16"">";"External MS";"Ex. Mainstream GPU (15"">)"
"DELL XPS 13 7390";"13""";"Integrated";"Thin (13""-14"")"
"Xiaomi Mi Notebook Pro 15.6";"15""";"External MS";"Ex. Mainstream GPU (15"">)"
"ASUS Zenbook Flip UX562";"15""";"External MS";"Ex. Mainstream GPU (15"">)"
"Lenovo Ideapad 330s 15";"15""";"External MS";"Ex. Mainstream GPU (15"">)"
"HP PAVILION 15-dq0000 x360";"15""";"None";"None"
"HP 15-dw0000";"15""";"External MS";"Ex. Mainstream GPU (15"">)"
"ASUS VivoBook A540";"15""";"External MS";"Ex. Mainstream GPU (15"">)"
"HP PAVILION 13-an1000";"13""";"Integrated";"Thin (13""-14"")"
"DELL G5 15 5587";"15""";"External GM";"Gamer GPU (15"">)"
"Acer ASPIRE ES1-732";"16"">";"Integrated";"Integrated GPU (15"">)"
"ASUS ZenBook Duo UX481";"14""";"External MS";"Thin (13""-14"")"
"DELL Inspiron 3584";"15""";"External MS";"Ex. Mainstream GPU (15"">)"
"HP 15-bs100";"15""";"Integrated";"Integrated GPU (15"">)"
"Acer SWIFT 3 (SF314-54)";"14""";"Integrated";"Thin (13""-14"")"
"ASUS X751NA";"16"">";"Integrated";"Integrated GPU (15"">)"
"Acer ASPIRE 3 (A315-34)";"15""";"Integrated";"Integrated GPU (15"">)"
"MSI GL65 9SEK";"15""";"External GM";"Gamer GPU (15"">)"
"ASUS TUF Gaming FX505DY";"15""";"External GM";"Gamer GPU (15"">)"
"ASUS TUF Gaming FX705DU";"16"">";"External GM";"Gamer GPU (15"">)"
"ASUS ROG G703";"16"">";"External GM";"Gamer GPU (15"">)"
"ASUS X541UV";"15""";"External MS";"Ex. Mainstream GPU (15"">)"
"HP 15-ra000";"15""";"Integrated";"Integrated GPU (15"">)"
"HP 14-cm1000";"14""";"Integrated";"Thin (13""-14"")"
"HP 15-bs000";"15""";"External MS";"Ex. Mainstream GPU (15"">)"
"DELL INSPIRON 3793";"16"">";"External MS";"Ex. Mainstream GPU (15"">)"
"HP OMEN 15-dc1000";"15""";"External GM";"Gamer GPU (15"">)"
"ASUS VivoBook S15 S530";"15""";"External MS";"Ex. Mainstream GPU (15"">)"
"Lenovo Ideapad S540 14 AMD";"14""";"External GM";"Thin (13""-14"")"
"Razer Blade Stealth 13.3";"13""";"External MS";"Thin (13""-14"")"
"HP EliteBook 850 G6";"15""";"Integrated";"Integrated GPU (15"">)"
"Acer ASPIRE 3 (A315-22)";"15""";"Integrated";"Integrated GPU (15"">)"
"HP ProBook x360 440 G1";"14""";"Integrated";"Thin (13""-14"")"
"HP 240 G7";"14""";"Integrated";"Thin (13""-14"")"
"Acer Swift 3 (SF314-41)";"14""";"Integrated";"Thin (13""-14"")"
"Prestigio SmartBook 133S";"13""";"Integrated";"Thin (13""-14"")"
"DELL Vostro 3590";"15""";"External MS";"Ex. Mainstream GPU (15"">)"
"HP 15s-fq1000";"15""";"Integrated";"Integrated GPU (15"">)"
"MSI MSI Modern 15 A10RB";"15""";"External MS";"Ex. Mainstream GPU (15"">)"
"ASUS VivoBook 17 X705UA";"16"">";"Integrated";"Integrated GPU (15"">)"
"HP OMEN 15-dh0000";"15""";"External GM";"Gamer GPU (15"">)"
"Acer ASPIRE 3 (A315-51)";"15""";"Integrated";"Integrated GPU (15"">)"
"Acer Predator Helios 500 (PH517-61)";"16"">";"External GM";"Gamer GPU (15"">)"
"Acer ASPIRE 3 (A315-53)";"15""";"Integrated";"Integrated GPU (15"">)"
"Acer Extensa EX2540";"15""";"Integrated";"Integrated GPU (15"">)"
"ASUS ZenBook Pro 15 UX550GD";"15""";"External GM";"Gamer GPU (15"">)"
"HP 14s-dq0000";"14""";"Integrated";"Thin (13""-14"")"
"MSI Prestige 14 A10SC";"14""";"External GM";"Thin (13""-14"")"
"Lenovo Ideapad S540 14 intel";"14""";"Integrated";"Thin (13""-14"")"
"ASUS ZenBook 13 UX334";"13""";"External MS";"Thin (13""-14"")"
"HP 17-ca1000";"16"">";"Integrated";"Integrated GPU (15"">)"
"ASUS VivoBook S14 S430";"14""";"None";"Thin (13""-14"")"
"HP PAVILION 14-ce0000";"14""";"External MS";"Thin (13""-14"")"
"HP 15s-eq0000";"15""";"Integrated";"Integrated GPU (15"">)"
"Acer Aspire 3 (A315-54)";"15""";"Integrated";"Integrated GPU (15"">)"
"HP PAVILION 14-ce2000";"14""";"Integrated";"Thin (13""-14"")"
"ASUS X540LA";"15""";"Integrated";"Integrated GPU (15"">)"
"Acer Predator Helios 300 (PH315-51)";"15""";"External GM";"Gamer GPU (15"">)"
"HP PAVILION 15-cs3000";"15""";"Integrated";"Integrated GPU (15"">)"
"MSI P75 Creator 9SE";"16"">";"External GM";"Gamer GPU (15"">)"
"Acer SPIN 1 (SP111-32N)";"<12""";"Integrated";"Mini (<12"")"
"ASUS PRO P3540";"15""";"External MS";"Ex. Mainstream GPU (15"">)"
"HP PAVILION 15-cs0000";"15""";"Integrated";"Integrated GPU (15"">)"
"Acer Aspire 3 (A315-55KG)";"15""";"External MS";"Ex. Mainstream GPU (15"">)"
"Xiaomi Mi Notebook 15.6 2019";"15""";"External MS";"Ex. Mainstream GPU (15"">)"
"HP PAVILION 15-cs2000";"15""";"External MS";"Ex. Mainstream GPU (15"">)"
"Lenovo V330 14";"14""";"Integrated";"Thin (13""-14"")"
"HP EliteBook 840 G4";"14""";"Integrated";"Thin (13""-14"")"
"HP 15-bw000";"15""";"External MS";"Ex. Mainstream GPU (15"">)"
"Lenovo ThinkBook 13s";"13""";"Integrated";"Thin (13""-14"")"
"HP PAVILION 13-an0000";"13""";"Integrated";"Thin (13""-14"")"
"Lenovo IdeaPad S540-13";"13""";"Integrated";"Thin (13""-14"")"
"ASUS K543";"15""";"Integrated";"Integrated GPU (15"">)"
"ASUS VivoBook Pro 17 N705";"16"">";"External GM";"Gamer GPU (15"">)"
"ASUS F509";"15""";"External None";"None"
"ASUS X507MA";"15""";"Integrated";"Integrated GPU (15"">)"
"Acer ASPIRE ES1-572";"15""";"Integrated";"Integrated GPU (15"">)"
"Lenovo Ideapad 530s 15";"15""";"External MS";"Ex. Mainstream GPU (15"">)"
"MSI Prestige 15 A10SC";"15""";"External GM";"Gamer GPU (15"">)"
"Acer ASPIRE 3 (A315-53G)";"15""";"External MS";"Ex. Mainstream GPU (15"">)"
"Xiaomi Mi Gaming Laptop Enhanced Edition";"15""";"External GM";"Gamer GPU (15"">)"
"HP PAVILION 15-ck000";"15""";"Integrated";"Integrated GPU (15"">)"
"Acer Aspire 3 (A315-55G)";"15""";"External MS";"Ex. Mainstream GPU (15"">)"
"Lenovo Ideapad 330s 14 AMD";"14""";"Integrated";"Thin (13""-14"")"
"Xiaomi RedmiBook 14"" Ryzen Edition";"14""";"Integrated";"Thin (13""-14"")"
"Acer Nitro 5 (AN515-42)";"15""";"External GM";"Gamer GPU (15"">)"
"HP 14-ck0000";"14""";"Integrated";"Thin (13""-14"")"
"Razer Blade 15 Advanced (2019)";"15""";"External GM";"Gamer GPU (15"">)"
"Microsoft Surface Laptop 3 15";"15""";"Integrated";"Integrated GPU (15"">)"
"Panasonic TOUGHBOOK CF-53";"14""";"Integrated";"Thin (13""-14"")"
"ASUS ROG Zephyrus S GX531";"None";"External GM";"None"
"Lenovo THINKPAD T61";"None";"None";"None"
"DELL Latitude 3400";"14""";"External MS";"Thin (13""-14"")"
"ASUS ZenBook Pro 15 UX550GE";"15""";"External GM";"Gamer GPU (15"">)"
"DIGMA CITI E602";"15""";"Integrated";"Integrated GPU (15"">)"
"ASUS VivoBook 15 A505";"15""";"Integrated";"Integrated GPU (15"">)"
"DELL LATITUDE 5490";"14""";"Integrated";"Thin (13""-14"")"
"Acer SWIFT 3 (SF314-56)";"14""";"Integrated";"Thin (13""-14"")"
"ASUS VivoBook 15 D540";"15""";"None";"None"
"ASUS FX753VD";"16"">";"External GM";"Gamer GPU (15"">)"
"Microsoft Surface Laptop 2";"13""";"Integrated";"Thin (13""-14"")"
"ASUS ZenBook Flip UX561UN";"15""";"External MS";"Ex. Mainstream GPU (15"">)"
"Lenovo ThinkPad L13 Yoga";"13""";"Integrated";"Thin (13""-14"")"
"Acer Aspire 5 (A515-52G)";"15""";"External MS";"Ex. Mainstream GPU (15"">)"
"Acer Aspire 3 (A317-51G)";"16"">";"External MS";"Ex. Mainstream GPU (15"">)"
"ASUS Vivobook 17 X705MB";"16"">";"External MS";"Ex. Mainstream GPU (15"">)"
"Acer Swift 5 (SF514-54T)";"14""";"Integrated";"Thin (13""-14"")"
"DELL Inspiron 5584";"15""";"External MS";"Ex. Mainstream GPU (15"">)"
"Alienware M17";"16"">";"External GM";"Gamer GPU (15"">)"
"HP ProBook 430 G5";"13""";"Integrated";"Thin (13""-14"")"
"Acer TravelMate P2 (TMP2510-G2-MG)";"15""";"External MS";"Ex. Mainstream GPU (15"">)"
"Acer ASPIRE 5 (A515-51G)";"15""";"External MS";"Ex. Mainstream GPU (15"">)"
"HP ProBook 450 G5";"15""";"External MS";"Ex. Mainstream GPU (15"">)"
"Acer ASPIRE 3 (A315-41G)";"15""";"External MS";"Ex. Mainstream GPU (15"">)"
"ASUS VivoBook Flip 14 TP401";"14""";"Integrated";"Thin (13""-14"")"
"ASUS X555QA";"15""";"Integrated";"Integrated GPU (15"">)"
"ASUS ROG Zephyrus M GU502";"15""";"External GM";"Gamer GPU (15"">)"
"HP 17-by1000";"16"">";"Integrated";"Integrated GPU (15"">)"
"ASUS VivoBook S14 S432";"14""";"External MS";"Thin (13""-14"")"
"HP ProBook 445 G6";"14""";"Integrated";"Thin (13""-14"")"
"HP PAVILION 15-dk0000";"15""";"Integrated";"Integrated GPU (15"">)"
"HP EliteBook 8560p";"15""";"None";"None"
"Lenovo ThinkPad Edge E580";"15""";"None";"None"
"ASUS X540MB";"15""";"External MS";"Ex. Mainstream GPU (15"">)"
"ASUS Zenbook UX310UA";"13""";"Integrated";"Thin (13""-14"")"
"MSI PS42 Modern 8MO";"14""";"Integrated";"Thin (13""-14"")"
"ASUS X540UB";"15""";"External MS";"Ex. Mainstream GPU (15"">)"
"Lenovo Ideapad 330-14 AMD";"14""";"Integrated";"Thin (13""-14"")"
"ASUS VivoBook 15 X540UA";"15""";"Integrated";"Integrated GPU (15"">)"
"HP EliteBook 8570p";"15""";"Integrated";"Integrated GPU (15"">)"
"Lenovo Ideapad 330s 14 Intel";"14""";"External MS";"Thin (13""-14"")"
"Microsoft Surface Laptop 3 13.5";"13""";"Integrated";"Thin (13""-14"")"
"ASUS F540";"15""";"External MS";"Ex. Mainstream GPU (15"">)"
"ASUS VivoBook A705";"16"">";"None";"None"
"Acer SPIN 1 (SP111-34N)";"<12""";"Integrated";"Mini (<12"")"
"Acer ASPIRE ES1-533";"15""";"Integrated";"Integrated GPU (15"">)"
"DELL Vostro 5391";"13""";"External MS";"Thin (13""-14"")"
"ASUS ROG GL503";"15""";"External GM";"Gamer GPU (15"">)"
"HP ProBook 440 G5";"14""";"Integrated";"Thin (13""-14"")"
"Acer Nitro 5 (AN515-51)";"15""";"External GM";"Gamer GPU (15"">)"
"ASUS VivoBook F543";"15""";"External MS";"Ex. Mainstream GPU (15"">)"
"Lenovo Yoga 530-14 AMD";"14""";"Integrated";"Thin (13""-14"")"
"MSI GL63 9SEK";"15""";"External GM";"Gamer GPU (15"">)"
"Apple MacBook Air 13 with Retina display Late 2018";"13""";"Integrated";"Thin (13""-14"")"
"ASUS ZenBook Pro 15 UX580GD";"15""";"External GM";"Gamer GPU (15"">)"
"ASUS VivoBook A420";"14""";"Integrated";"Thin (13""-14"")"
"Alienware 15 R4";"15""";"External GM";"Gamer GPU (15"">)"
"ASUS VivoBook Max X541SA";"15""";"Integrated";"Integrated GPU (15"">)"
"DELL Vostro 3490";"14""";"External MS";"Thin (13""-14"")"
"ASUS K540UA";"15""";"Integrated";"Integrated GPU (15"">)"
"DELL Inspiron 3780";"16"">";"External MS";"Ex. Mainstream GPU (15"">)"
"Acer Predator Triton 900 (PT917-71)";"16"">";"External GM";"Gamer GPU (15"">)"
"ASUS X543UB";"15""";"External MS";"Ex. Mainstream GPU (15"">)"
"HP OMEN 15-dc0000";"15""";"External GM";"Gamer GPU (15"">)"
"HP Elite Dragonfly";"13""";"Integrated";"Thin (13""-14"")"
"HP EliteBook 755 G5";"15""";"Integrated";"Integrated GPU (15"">)"
"Acer Extensa 15 EX215-31";"15""";"Integrated";"Integrated GPU (15"">)"
"ASUS ROG Zephyrus G GA502";"15""";"External GM";"Gamer GPU (15"">)"
"ASUS ROG Zephyrus S GX502";"15""";"External GM";"Gamer GPU (15"">)"
"HP OMEN 15-ce000";"15""";"External GM";"Gamer GPU (15"">)"
"DELL INSPIRON 5370";"13""";"External MS";"Thin (13""-14"")"
"DELL Vostro 7590";"15""";"External GM";"Gamer GPU (15"">)"
"Lenovo Ideapad 330-17 Intel";"16"">";"External GM";"Gamer GPU (15"">)"
"Acer ASPIRE 5 (A517-51)";"16"">";"Integrated";"Integrated GPU (15"">)"
"ASUS X507";"15""";"External MS";"Ex. Mainstream GPU (15"">)"
"DELL Inspiron 5490";"14""";"External MS";"Thin (13""-14"")"
"DELL Vostro 3481";"14""";"Integrated";"Thin (13""-14"")"
"DIGMA CITI E601";"15""";"Integrated";"Integrated GPU (15"">)"
"HP ProBook 445R G6";"14""";"Integrated";"Thin (13""-14"")"
"Lenovo V110 17";"16"">";"Integrated";"Integrated GPU (15"">)"
"DIGMA EVE 604";"15""";"Integrated";"Integrated GPU (15"">)"
"ASUS R541UV";"15""";"External MS";"Ex. Mainstream GPU (15"">)"
"HP 15-rb500";"15""";"Integrated";"Integrated GPU (15"">)"
"Lenovo ThinkPad Edge E480";"14""";"External GM";"Thin (13""-14"")"
"ASUS VivoBook E403NA";"14""";"Integrated";"Thin (13""-14"")"
"DELL INSPIRON 3585";"15""";"Integrated";"Integrated GPU (15"">)"
"DELL INSPIRON 5391";"13""";"Integrated";"Thin (13""-14"")"
"ASUS VivoBook S14 S431";"14""";"Integrated";"Thin (13""-14"")"
"HP 14-cf0000";"14""";"Integrated";"Thin (13""-14"")"
"ASUS W730";"16"">";"External GM";"Gamer GPU (15"">)"
"HP ProBook 470 G5";"16"">";"External MS";"Ex. Mainstream GPU (15"">)"
"ASUS ZenBook S UX391UA";"13""";"Integrated";"Thin (13""-14"")"
"ASUS ROG GL502VM";"15""";"External GM";"Gamer GPU (15"">)"
"ASUS VivoBook 15 X542UA";"15""";"Integrated";"Integrated GPU (15"">)"
"MSI P65 Creator 9SE";"15""";"External GM";"Gamer GPU (15"">)"
"HP EliteBook 840 G5";"14""";"Integrated";"Thin (13""-14"")"
"ASUS VivoBook 15 X540BP";"15""";"External MS";"Ex. Mainstream GPU (15"">)"
"DELL XPS 15 9575 2-in-1";"15""";"External GM";"Gamer GPU (15"">)"
"HP 240 G6";"14""";"Integrated";"Thin (13""-14"")"
"ASUS Zenbook S13 UX392";"13""";"Integrated";"Thin (13""-14"")"
"Acer Aspire 5 (A515-52)";"15""";"Integrated";"Integrated GPU (15"">)"
"Lenovo ThinkPad A275";"<12""";"Integrated";"Mini (<12"")"
"ASUS ZENBOOK UX303UB";"13""";"External MS";"Thin (13""-14"")"
"Acer Nitro 5 (AN515-43)";"15""";"External GM";"Gamer GPU (15"">)"
"HP 15-ay000";"15""";"External MS";"Ex. Mainstream GPU (15"">)"
"GIGABYTE AERO 15";"15""";"External GM";"Gamer GPU (15"">)"
"ASUS ROG Strix G531";"15""";"External GM";"Gamer GPU (15"">)"
"DELL G3 15 3579";"15""";"External GM";"Gamer GPU (15"">)"
"Acer SWIFT 7 (SF714-51T)";"14""";"Integrated";"Thin (13""-14"")"
"DELL Inspiron 5593";"15""";"External MS";"Ex. Mainstream GPU (15"">)"
"Acer ASPIRE 3 (A315-41)";"15""";"Integrated";"Integrated GPU (15"">)"
"HP PAVILION 15-bc500";"15""";"External GM";"Gamer GPU (15"">)"
"Haier HI133";"13""";"Integrated";"Thin (13""-14"")"
"Acer Extensa 15 EX215-21G";"15""";"External MS";"Ex. Mainstream GPU (15"">)"
"Lenovo Ideapad 530s 14 AMD";"14""";"Integrated";"Thin (13""-14"")"
"DELL Inspiron 3782";"16"">";"Integrated";"Integrated GPU (15"">)"
"KREZ N1403S Travel";"14""";"Integrated";"Thin (13""-14"")"
"Acer ASPIRE 1 (A114-32)";"14""";"Integrated";"Thin (13""-14"")"
"HP 15-ra100";"15""";"Integrated";"Integrated GPU (15"">)"
"Lenovo V330 15";"15""";"External MS";"Ex. Mainstream GPU (15"">)"
"Prestigio SmartBook 141C";"14""";"Integrated";"Thin (13""-14"")"
"ASUS VivoBook 17 X705UB";"16"">";"External MS";"Ex. Mainstream GPU (15"">)"
"HP Pavilion Gaming 15-cx0000";"15""";"External GM";"Gamer GPU (15"">)"
"DELL Vostro 5481";"14""";"External MS";"Thin (13""-14"")"
"Irbis NB245B";"14""";"Integrated";"Thin (13""-14"")"
"HP Envy 15-ds0000 x360";"15""";"Integrated";"Integrated GPU (15"">)"
"Lenovo Ideapad S530 13";"13""";"Integrated";"Thin (13""-14"")"
"ASUS ZenBook 15 UX533FD";"15""";"External GM";"Gamer GPU (15"">)"
"HP 620";"15""";"Integrated";"Integrated GPU (15"">)"
"HP PAVILION 15-cs1000";"15""";"External GM";"Gamer GPU (15"">)"
"HP OMEN 17-cb0000";"16"">";"External GM";"Gamer GPU (15"">)"
"HP ProBook 450 G7";"15""";"External MS";"Ex. Mainstream GPU (15"">)"
"HP EliteBook 745 G5";"14""";"Integrated";"Thin (13""-14"")"
"HP 15-bs700";"15""";"Integrated";"Integrated GPU (15"">)"
"Lenovo V320 17";"16"">";"Integrated";"Integrated GPU (15"">)"
"Lenovo ThinkPad P1";"15""";"External Pro";"Prof. WS"
"ASUS VivoBook S15 S510";"15""";"External MS";"Ex. Mainstream GPU (15"">)"
"Acer SWIFT 5 (SF514-52T)";"14""";"Integrated";"Thin (13""-14"")"
"Xiaomi Mi Notebook Pro 15.6"" Enhanced Edition 2019";"15""";"External GM";"Gamer GPU (15"">)"
"Acer ASPIRE E 15 (E5-576)";"15""";"Integrated";"Integrated GPU (15"">)"
"HP 15-ba100";"15""";"Integrated";"Integrated GPU (15"">)"
"Acer SWIFT 3 (SF314-51)";"14""";"External MS";"Thin (13""-14"")"
"Lenovo Yoga 520 14";"14""";"Integrated";"Thin (13""-14"")"
"ASUS D541NA";"15""";"Integrated";"Integrated GPU (15"">)"
"ASUS ZenBook UX430UA";"14""";"Integrated";"Thin (13""-14"")"
"Lenovo Yoga C740-14";"14""";"Integrated";"Thin (13""-14"")"
"Lenovo V110 15 Intel";"15""";"Integrated";"Integrated GPU (15"">)"
"Acer SWIFT 3 (SF314-52)";"14""";"Integrated";"Thin (13""-14"")"
"Lenovo IdeaPad 300 15";"15""";"External MS";"Ex. Mainstream GPU (15"">)"
"DELL Latitude 5300";"13""";"Integrated";"Thin (13""-14"")"
"Xiaomi Mi Notebook Air 13.3"" 2017";"13""";"External MS";"Thin (13""-14"")"
"ASUS VivoBook Pro 15 N580";"15""";"External GM";"Gamer GPU (15"">)"
"Lenovo IdeaPad 320 15 AMD";"15""";"External MS";"Ex. Mainstream GPU (15"">)"
"Acer ASPIRE 7 (A715-71G)";"15""";"External GM";"Gamer GPU (15"">)"
"HP 15-ac100";"15""";"External MS";"Ex. Mainstream GPU (15"">)"
"ASUS ZenBook 3 UX390UA";"<12""";"Integrated";"Mini (<12"")"
"HP EliteBook 850 G5";"15""";"Integrated";"Integrated GPU (15"">)"
"ASUS VivoBook A712";"16"">";"External MS";"Ex. Mainstream GPU (15"">)"
"Lenovo Legion Y520";"15""";"External GM";"Gamer GPU (15"">)"
"ASUS ZenBook Flip 13 UX362FA";"13""";"Integrated";"Thin (13""-14"")"
"DELL Vostro 5581";"15""";"None";"None"
"Lenovo IdeaPad 110 17 AMD";"16"">";"Integrated";"Integrated GPU (15"">)"
"Lenovo ThinkPad T580";"15""";"External MS";"Ex. Mainstream GPU (15"">)"
"Lenovo THINKPAD X1";"None";"Integrated";"None"
"HP 14-bs000";"14""";"External MS";"Thin (13""-14"")"
"MSI PS63 Modern 8RC";"15""";"External GM";"Gamer GPU (15"">)"
"ASUS ZenBook Flip 14 UM462";"14""";"Integrated";"Thin (13""-14"")"
"MSI GL73 9SC";"16"">";"External GM";"Gamer GPU (15"">)"
"DELL Latitude 5501";"15""";"Integrated";"Integrated GPU (15"">)"
"Acer TRAVELMATE P238-M";"13""";"Integrated";"Thin (13""-14"")"
"Acer ASPIRE E5-575G";"15""";"External GM";"Gamer GPU (15"">)"
"HP PAVILION 15-cc500";"15""";"External MS";"Ex. Mainstream GPU (15"">)"
"Lenovo IdeaPad 320 15 Intel";"15""";"External MS";"Ex. Mainstream GPU (15"">)"
"ASUS VivoBook 15 X543UA";"15""";"Integrated";"Integrated GPU (15"">)"
"ASUS ZenBook 13 UX333";"13""";"External MS";"Thin (13""-14"")"
"Lenovo ThinkPad T590";"15""";"External MS";"Ex. Mainstream GPU (15"">)"
"DELL XPS 15 9570";"15""";"External None";"None"
"MSI GS65 Stealth 9SE";"15""";"External GM";"Gamer GPU (15"">)"
"Acer SWIFT 3 (SF314-55)";"14""";"Integrated";"Thin (13""-14"")"
"HP 14-bp000";"14""";"External MS";"Thin (13""-14"")"
"Acer Predator Triton 500 (PT515-51)";"15""";"External GM";"Gamer GPU (15"">)"
"Lenovo ThinkPad X390";"13""";"Integrated";"Thin (13""-14"")"
"Lenovo Yoga 920-13";"13""";"Integrated";"Thin (13""-14"")"
"Lenovo IdeaPad Yoga 13";"13""";"Integrated";"Thin (13""-14"")"
"ASUS X540NV";"15""";"External MS";"Ex. Mainstream GPU (15"">)"
"Lenovo ThinkPad T490";"14""";"External MS";"Thin (13""-14"")"
"HP PAVILION 15-dp0000";"15""";"External GM";"Gamer GPU (15"">)"
"ASUS ZENBOOK UX303UA";"13""";"External MS";"Thin (13""-14"")"
"Lenovo Yoga 730-15";"15""";"External GM";"Gamer GPU (15"">)"
"Lenovo Legion Y530";"15""";"External GM";"Gamer GPU (15"">)"
"ASUS VivoBook S13 S330FN";"13""";"External MS";"Thin (13""-14"")"
"Xiaomi RedmiBook 13""";"13""";"External MS";"Thin (13""-14"")"
"HP PAVILION 14-cd1000 x360";"14""";"None";"Thin (13""-14"")"
"ASUS ZenBook 13 UX331FN";"13""";"External MS";"Thin (13""-14"")"
"ASUS ROG Zephyrus S GX535";"15""";"External GM";"Gamer GPU (15"">)"
"ASUS VivoBook 15 X542UF";"15""";"External MS";"Ex. Mainstream GPU (15"">)"
"HP 255 G6";"15""";"Integrated";"Integrated GPU (15"">)"
"Lenovo ThinkPad X395";"13""";"Integrated";"Thin (13""-14"")"
"Lenovo Ideapad 330-14 Intel";"14""";"Integrated";"Thin (13""-14"")"
"HP 15-ay100";"15""";"External MS";"Ex. Mainstream GPU (15"">)"
"HP EliteBook 830 G5";"13""";"Integrated";"Thin (13""-14"")"
"Acer TravelMate P2 (TMP215-51G)";"15""";"External MS";"Ex. Mainstream GPU (15"">)"
"Lenovo ThinkPad L380 Yoga";"13""";"Integrated";"Thin (13""-14"")"
"HP PAVILION 15-cw0000";"15""";"Integrated";"Integrated GPU (15"">)"
"HP PAVILION 15-bc300";"15""";"External GM";"Gamer GPU (15"">)"
"Lenovo IdeaPad 520s 14";"14""";"None";"Thin (13""-14"")"
"MSI GS65 Stealth 9SF";"15""";"External GM";"Gamer GPU (15"">)"
"Lenovo IdeaPad Flex 14";"14""";"None";"Thin (13""-14"")"
"HP Envy 15-bq000 x360";"15""";"Integrated";"Integrated GPU (15"">)"
"HP PAVILION POWER 15-cb000";"15""";"External GM";"Gamer GPU (15"">)"
"ASUS TUF Gaming FX504";"15""";"External GM";"Gamer GPU (15"">)"
"DELL G3 17 3779";"16"">";"External GM";"Gamer GPU (15"">)"
"HP ZBook Studio G5";"15""";"External Pro";"Prof. WS"
"Acer SWIFT 3 (SF314-54G)";"14""";"External MS";"Thin (13""-14"")"
"ASUS ZenBook Pro Duo UX581";"15""";"External GM";"Gamer GPU (15"">)"
"MSI Creator 17M A9";"16"">";"External GM";"Gamer GPU (15"">)"
"Lenovo Legion Y540-17";"16"">";"External GM";"Gamer GPU (15"">)"
"HP 250 G5";"15""";"External MS";"Ex. Mainstream GPU (15"">)"
"MSI GS75 Stealth 9SD";"16"">";"External GM";"Gamer GPU (15"">)"
"HP PAVILION 15-bc400";"15""";"External GM";"Gamer GPU (15"">)"
"Lenovo ThinkPad T480";"14""";"External MS";"Thin (13""-14"")"
"Acer ASPIRE 3 (A317-32)";"16"">";"Integrated";"Integrated GPU (15"">)"
"Haier HI133L";"13""";"Integrated";"Thin (13""-14"")"
"HP PAVILION 14-ce1000";"14""";"External MS";"Thin (13""-14"")"
"ASUS R540";"15""";"External MS";"Ex. Mainstream GPU (15"">)"
"ASUS ZenBook 13 UX331UN";"13""";"External MS";"Thin (13""-14"")"
"Apple MacBook Pro 13 with Retina display Mid 2017";"13""";"Integrated";"Thin (13""-14"")"
"DELL INSPIRON 5770";"16"">";"External MS";"Ex. Mainstream GPU (15"">)"
"Irbis NB153";"13""";"Integrated";"Thin (13""-14"")"
"Lenovo ThinkPad P71";"16"">";"External Pro";"Prof. WS"
"DELL INSPIRON 3180";"<12""";"Integrated";"Mini (<12"")"
"HP Envy 13-ah1000";"13""";"External MS";"Thin (13""-14"")"
"ASUS VivoBook Max X541NA";"15""";"Integrated";"Integrated GPU (15"">)"
"Lenovo V15";"15""";"Integrated";"Integrated GPU (15"">)"
"MSI GL63 8RCS";"15""";"External GM";"Gamer GPU (15"">)"
"Prestigio Smartbook 141 C2";"14""";"Integrated";"Thin (13""-14"")"
"Lenovo ThinkPad Edge E590";"15""";"External GM";"Gamer GPU (15"">)"
"ASUS ZENBOOK UX305FA";"13""";"Integrated";"Thin (13""-14"")"
"HP 17-bs000";"16"">";"External MS";"Ex. Mainstream GPU (15"">)"
"ASUS TUF Gaming FX705DT";"16"">";"External GM";"Gamer GPU (15"">)"
"HP PAVILION 14-ba100 x360";"14""";"External MS";"Thin (13""-14"")"
"ASUS VivoBook 15 X510";"15""";"External None";"None"
"Acer SWIFT 3 (SF314-56G)";"14""";"External MS";"Thin (13""-14"")"
"Lenovo IdeaPad 320s 15";"15""";"External MS";"Ex. Mainstream GPU (15"">)"
"Lenovo IdeaPad 320 17 Intel";"16"">";"External MS";"Ex. Mainstream GPU (15"">)"
"Lenovo THINKPAD X270";"<12""";"Integrated";"Mini (<12"")"
"Acer Extensa EX2520G";"15""";"External MS";"Ex. Mainstream GPU (15"">)"
"ASUS X540SC";"15""";"External MS";"Ex. Mainstream GPU (15"">)"
"Acer Predator Helios 300 (G3-572)";"15""";"External GM";"Gamer GPU (15"">)"
"ASUS X751MA";"16"">";"Integrated";"Integrated GPU (15"">)"
"ASUS X540LJ";"15""";"External MS";"Ex. Mainstream GPU (15"">)"
"ASUS R540YA";"15""";"Integrated";"Integrated GPU (15"">)"
"Acer Extensa EX2519";"15""";"Integrated";"Integrated GPU (15"">)"
"HP ProBook 430 G7";"13""";"Integrated";"Thin (13""-14"")"
"Acer ASPIRE 7 (A715-72G)";"15""";"External GM";"Gamer GPU (15"">)"
"ASUS X540SA";"15""";"None";"None"
"Lenovo IdeaPad 310 15 Intel";"15""";"External MS";"Ex. Mainstream GPU (15"">)"
"Lenovo Yoga 730-13";"13""";"Integrated";"Thin (13""-14"")"
"DELL Inspiron 7490";"14""";"External MS";"Thin (13""-14"")"
"MSI Alpha 15";"15""";"External MS";"Ex. Mainstream GPU (15"">)"
"HP 15-bw500";"15""";"External MS";"Ex. Mainstream GPU (15"">)"
"Acer SWIFT 3 (SF315-52)";"15""";"Integrated";"Integrated GPU (15"">)"
"ASUS VivoBook S14 S406UA";"14""";"Integrated";"Thin (13""-14"")"
"MSI GT76 Titan DT 9SG";"16"">";"External GM";"Gamer GPU (15"">)"
"Acer ASPIRE 3 (A315-33)";"15""";"Integrated";"Integrated GPU (15"">)"
"Lenovo IdeaPad 720s 14";"14""";"External MS";"Thin (13""-14"")"
"HP EliteBook 8570w";"15""";"None";"None"
"DIGMA CITI E600";"15""";"Integrated";"Integrated GPU (15"">)"
"Lenovo IdeaPad 100 15";"15""";"External MS";"Ex. Mainstream GPU (15"">)"
"Acer SWIFT 3 (SF514-54GT)";"14""";"External MS";"Thin (13""-14"")"
"ASUS VivoBook Pro N752VX";"16"">";"External GM";"Gamer GPU (15"">)"
"HP PAVILION 15-cc000";"15""";"None";"None"
"ASUS ROG Zephyrus S GX701";"16"">";"External GM";"Gamer GPU (15"">)"
"Acer Swift 3 (SF314-57G)";"14""";"External MS";"Thin (13""-14"")"
"Lenovo ThinkPad X1 Extreme";"15""";"External GM";"Gamer GPU (15"">)"
"HP PAVILION 17-ab400";"16"">";"External GM";"Gamer GPU (15"">)"
"Microsoft Surface Book 2 15";"15""";"External GM";"Gamer GPU (15"">)"
"HP ProBook 440 G7";"14""";"Integrated";"Thin (13""-14"")"
"HP 250 G3";"15""";"External MS";"Ex. Mainstream GPU (15"">)"
"Microsoft Surface Book 2 13.5";"13""";"External GM";"Thin (13""-14"")"
"HP Spectre 13-af000";"13""";"Integrated";"Thin (13""-14"")"
"DELL Latitude 7200 2-in-1";"<12""";"Integrated";"Mini (<12"")"
"Alienware M17 R2";"16"">";"External GM";"Gamer GPU (15"">)"
"HP ZBook 15 G3";"15""";"External Pro";"Prof. WS"
"ASUS VivoBook 15 X540BA";"15""";"Integrated";"Integrated GPU (15"">)"
"Acer Predator Helios 300 (PH315-52)";"15""";"External GM";"Gamer GPU (15"">)"
"HP Envy 13-aq0000";"13""";"External MS";"Thin (13""-14"")"
"ASUS ROG Strix G731";"16"">";"External GM";"Gamer GPU (15"">)"
"ASUS FX553VE";"15""";"None";"None"
"MSI GP75 Leopard 9SE";"16"">";"External GM";"Gamer GPU (15"">)"
"HP PAVILION 15-cc100";"15""";"External MS";"Ex. Mainstream GPU (15"">)"
"Lenovo ThinkPad L390";"13""";"Integrated";"Thin (13""-14"")"
"DELL PRECISION 5530";"15""";"External GM";"Gamer GPU (15"">)"
"ASUS X555YI";"15""";"External None";"None"
"HP 15-ba000";"15""";"External GM";"Gamer GPU (15"">)"
"Acer ASPIRE ES1-523";"15""";"Integrated";"Integrated GPU (15"">)"
"HP OMEN 17-an100";"16"">";"External GM";"Gamer GPU (15"">)"
"Acer TravelMate P2 (TMP215-51)";"15""";"External MS";"Ex. Mainstream GPU (15"">)"
"Acer Extensa EX2511G";"15""";"External MS";"Ex. Mainstream GPU (15"">)"
"Acer Predator Helios 300 (PH317-51)";"16"">";"External GM";"Gamer GPU (15"">)"
"Acer ASPIRE 3 (A317-51K)";"16"">";"Integrated";"Integrated GPU (15"">)"
"Acer TravelMate P2 (TMP278-M)";"16"">";"Integrated";"Integrated GPU (15"">)"
"DIGMA CITI E404 PRO";"14""";"Integrated";"Thin (13""-14"")"
"HP ProBook 645 G4";"14""";"Integrated";"Thin (13""-14"")"
"ASUS ZenBook Flip S UX370UA";"13""";"Integrated";"Thin (13""-14"")"
"Lenovo V155";"15""";"Integrated";"Integrated GPU (15"">)"
"HP EliteBook 1030 G1";"13""";"Integrated";"Thin (13""-14"")"
"Acer ASPIRE 7 (A717-71G)";"16"">";"External GM";"Gamer GPU (15"">)"
"HP Envy 15-as000";"15""";"Integrated";"Integrated GPU (15"">)"
"MSI GE65 Raider 9SE";"15""";"External GM";"Gamer GPU (15"">)"
"HP EliteBook 820 G3";"<12""";"Integrated";"Mini (<12"")"
"HP OMEN X 17-ap000";"16"">";"External GM";"Gamer GPU (15"">)"
"ASUS R556";"15""";"External MS";"Ex. Mainstream GPU (15"">)"
"HP 14-am000";"14""";"Integrated";"Thin (13""-14"")"
"ASUS X570UD";"15""";"External GM";"Gamer GPU (15"">)"
"Acer ASPIRE S5-371";"13""";"Integrated";"Thin (13""-14"")"
"ASUS ZenBook Flip UX561UA";"15""";"Integrated";"Integrated GPU (15"">)"
"ASUS VivoBook Pro 15 N580GD";"15""";"External GM";"Gamer GPU (15"">)"
"ASUS X555LA";"15""";"Integrated";"Integrated GPU (15"">)"
"ASUS FX503VD";"15""";"External GM";"Gamer GPU (15"">)"
"Acer Predator 15 (G9-593)";"15""";"External GM";"Gamer GPU (15"">)"
"HP ProBook 430 G4";"13""";"Integrated";"Thin (13""-14"")"
"MSI GL75 9SC";"16"">";"External GM";"Gamer GPU (15"">)"
"HP 17-p100";"16"">";"Integrated";"Integrated GPU (15"">)"
"DELL Latitude 7400";"14""";"Integrated";"Thin (13""-14"")"
"Acer Nitro 5 (AN515-31)";"15""";"External MS";"Ex. Mainstream GPU (15"">)"
"HP ENVY 13-ag0000 x360";"13""";"Integrated";"Thin (13""-14"")"
"Acer Predator Helios 300 (PH317-53)";"16"">";"External GM";"Gamer GPU (15"">)"
"MSI GL63 8SDK";"15""";"External GM";"Gamer GPU (15"">)"
"ASUS ZenBook Pro 14 UX480";"14""";"External GM";"Thin (13""-14"")"
"ASUS ROG G2S";"16"">";"None";"None"
"MSI GP62 8RC WOT Edition";"15""";"External GM";"Gamer GPU (15"">)"
"HP Chromebook x360 14 G1";"14""";"Integrated";"Thin (13""-14"")"
"DELL INSPIRON 5482 2-in-1";"14""";"External MS";"Thin (13""-14"")"
"MSI GT63 Titan 8RG";"15""";"External GM";"Gamer GPU (15"">)"
"HP Spectre Folio 13-ak0000";"13""";"Integrated";"Thin (13""-14"")"
"Lenovo IdeaPad 720s 15";"15""";"External GM";"Gamer GPU (15"">)"
"HP 630";"15""";"None";"None"
"HP 17-x000";"16"">";"Integrated";"Integrated GPU (15"">)"
"ASUS X550LA";"15""";"None";"None"
"Acer Aspire 3 (A315-32)";"15""";"External MS";"Ex. Mainstream GPU (15"">)"
"MSI GS75 Stealth 9SE";"16"">";"External GM";"Gamer GPU (15"">)"
"HP PAVILION 14-cd0000 x360";"14""";"External MS";"Thin (13""-14"")"
"DELL Inspiron 3781";"16"">";"External MS";"Ex. Mainstream GPU (15"">)"
"ASUS R540SA";"15""";"Integrated";"Integrated GPU (15"">)"
"Lenovo IdeaPad S21e20";"<12""";"Integrated";"Mini (<12"")"
"Apple MacBook Pro 13 with Retina display and Touch Bar Mid 2018";"13""";"Integrated";"Thin (13""-14"")"
"ASUS X555YA";"15""";"Integrated";"Integrated GPU (15"">)"
"Lenovo Legion Y545";"15""";"External GM";"Gamer GPU (15"">)"
"HP 15-ac600";"15""";"External MS";"Ex. Mainstream GPU (15"">)"
"Lenovo THINKPAD T495s";"14""";"Integrated";"Thin (13""-14"")"
"Acer Swift 3 (SF314-41G)";"14""";"External MS";"Thin (13""-14"")"
"Lenovo IdeaPad 720 15";"15""";"None";"None"
"Acer ASPIRE ES1-520-38XM";"15""";"Integrated";"Integrated GPU (15"">)"
"Lenovo B70-80";"16"">";"External MS";"Ex. Mainstream GPU (15"">)"
"ASUS VivoBook 15 X510UQ";"15""";"External MS";"Ex. Mainstream GPU (15"">)"
"HP ProBook 455R G6";"15""";"Integrated";"Integrated GPU (15"">)"
"ASUS X555BP";"15""";"None";"None"
"DELL Latitude 5400";"14""";"Integrated";"Thin (13""-14"")"
"HP OMEN 17-an000";"16"">";"External GM";"Gamer GPU (15"">)"
"ASUS Zenbook UX310UQ";"13""";"External MS";"Thin (13""-14"")"
"Acer Extensa 2510G-54TK";"15""";"External MS";"Ex. Mainstream GPU (15"">)"
"ASUS ROG GL504";"15""";"External GM";"Gamer GPU (15"">)"
"MSI WS75 9TL";"16"">";"External GM";"Gamer GPU (15"">)"
"MSI GL63 8RD";"15""";"External GM";"Gamer GPU (15"">)"
"MSI GL75 9SE";"16"">";"External GM";"Gamer GPU (15"">)"
"Lenovo THINKPAD X1 Carbon Ultrabook (6th Gen)";"14""";"Integrated";"Thin (13""-14"")"
"HP PAVILION 15-cr0000 x360";"15""";"External MS";"Ex. Mainstream GPU (15"">)"
"Lenovo Legion Y730-17";"16"">";"External GM";"Gamer GPU (15"">)"
"Lenovo IdeaPad 110 15 AMD";"15""";"None";"None"
"Acer Predator Helios 500 (PH517-51)";"16"">";"External GM";"Gamer GPU (15"">)"
"ASUS X553SA";"15""";"Integrated";"Integrated GPU (15"">)"
"Acer SPIN 3 (SP314-53N)";"14""";"Integrated";"Thin (13""-14"")"
"Acer ASPIRE 3 (A315-21G)";"15""";"External MS";"Ex. Mainstream GPU (15"">)"
"Lenovo V310 15";"15""";"External MS";"Ex. Mainstream GPU (15"">)"
"Lenovo V510 14";"14""";"Integrated";"Thin (13""-14"")"
"HP Spectre 13-ae000 x360";"13""";"Integrated";"Thin (13""-14"")"
"Haier ES34";"13""";"Integrated";"Thin (13""-14"")"
"DELL Inspiron 3580";"15""";"External MS";"Ex. Mainstream GPU (15"">)"
"ASUS VivoBook 17 X705UF";"16"">";"External MS";"Ex. Mainstream GPU (15"">)"
"HP Envy 13-ah0000";"13""";"External MS";"Thin (13""-14"")"
"ASUS A507UB";"15""";"None";"None"
"ASUS VivoBook S14 S410";"14""";"External MS";"Thin (13""-14"")"
"Lenovo IdeaPad 110 15 Intel";"15""";"Integrated";"Integrated GPU (15"">)"
"DELL Precision 7540";"15""";"External GM";"Gamer GPU (15"">)"
"HP ZBook Studio x360 G5";"15""";"External Pro";"Prof. WS"
"Lenovo Yoga 500 14";"14""";"None";"Thin (13""-14"")"
"HP 650";"15""";"Integrated";"Integrated GPU (15"">)"
"ASUS TUF Gaming FX705DY";"16"">";"External GM";"Gamer GPU (15"">)"
"Lenovo Ideapad 330 17 AMD";"16"">";"Integrated";"Integrated GPU (15"">)"
"Lenovo Legion Y740-15";"15""";"External GM";"Gamer GPU (15"">)"
"Acer Extensa EX2530";"15""";"Integrated";"Integrated GPU (15"">)"
"MSI GL63 8SC";"15""";"External GM";"Gamer GPU (15"">)"
"DELL Vostro 5370";"13""";"External MS";"Thin (13""-14"")"
"ASUS R540SC";"15""";"External MS";"Ex. Mainstream GPU (15"">)"
"HP 15-g200";"15""";"None";"None"
"Acer ConceptD 7 (CN715-71)";"15""";"External GM";"Gamer GPU (15"">)"
"Panasonic TOUGHBOOK CF-31";"13""";"Integrated";"Thin (13""-14"")"
"MSI GF75 Thin 8RC";"16"">";"External GM";"Gamer GPU (15"">)"
"DELL LATITUDE 5290";"<12""";"Integrated";"Mini (<12"")"
"HP EliteBook 850 G3";"15""";"Integrated";"Integrated GPU (15"">)"
"ASUS VivoBook 15 X542BP";"15""";"External MS";"Ex. Mainstream GPU (15"">)"
"Acer SPIN 13 (CP713-1WN)";"13""";"Integrated";"Thin (13""-14"")"
"DELL XPS 13 9380";"13""";"Integrated";"Thin (13""-14"")"
"Lenovo Yoga S730";"13""";"Integrated";"Thin (13""-14"")"
"Acer Predator Helios 300 (PH317-52)";"16"">";"External GM";"Gamer GPU (15"">)"
"Acer ASPIRE E5-573G-38TN";"15""";"External MS";"Ex. Mainstream GPU (15"">)"
"ASUS VivoBook Max X541UJ";"15""";"External MS";"Ex. Mainstream GPU (15"">)"
"HP 15-af100";"15""";"External MS";"Ex. Mainstream GPU (15"">)"
"MSI GT75 8RF Titan";"16"">";"External GM";"Gamer GPU (15"">)"
"HP 14-cf1000";"14""";"External MS";"Thin (13""-14"")"
"DELL LATITUDE 3490";"14""";"External MS";"Thin (13""-14"")"
"Apple MacBook Air 13 Early 2015";"13""";"Integrated";"Thin (13""-14"")"
"HP 255 G4";"15""";"Integrated";"Integrated GPU (15"">)"
"HP 255 G5";"15""";"Integrated";"Integrated GPU (15"">)"
"ASUS R540NV";"15""";"External MS";"Ex. Mainstream GPU (15"">)"
"HP PAVILION 14-bf000";"14""";"External MS";"Thin (13""-14"")"
"MSI GL73 8SE";"16"">";"External GM";"Gamer GPU (15"">)"
"MSI GE75 8SF Raider";"16"">";"External GM";"Gamer GPU (15"">)"
"Lenovo Yoga 720 13";"13""";"Integrated";"Thin (13""-14"")"
"HP PAVILION 15-cd000";"15""";"None";"None"
"ASUS VivoBook 15 X542UQ";"15""";"External MS";"Ex. Mainstream GPU (15"">)"
"ASUS X555UB";"15""";"None";"None"
"RoverBook Roverbook B510";"15""";"Integrated";"Integrated GPU (15"">)"
"ASUS X555LF";"15""";"External MS";"Ex. Mainstream GPU (15"">)"
"ASUS VivoBook R540UB";"15""";"None";"None"
"MSI GF72 8RD";"16"">";"External GM";"Gamer GPU (15"">)"
"ASUS Zenbook UX410UF";"14""";"External MS";"Thin (13""-14"")"
"ASUS Vivobook X556UQ";"15""";"External None";"None"
"Lenovo V14";"14""";"Integrated";"Thin (13""-14"")"
"DELL XPS 13 7390 2-in-1";"13""";"Integrated";"Thin (13""-14"")"
"MSI GL73 8SDK";"16"">";"External GM";"Gamer GPU (15"">)"
"HP PAVILION 15-ab000";"15""";"None";"None"
"Lenovo THINKPAD X1 Carbon Ultrabook (5th Gen)";"14""";"Integrated";"Thin (13""-14"")"
"DELL Precision 5530 2-in-1";"15""";"External Pro";"Prof. WS"
"HP 15-af000";"15""";"External MS";"Ex. Mainstream GPU (15"">)"
"HP PAVILION 17-ab300";"16"">";"External GM";"Gamer GPU (15"">)"
"ASUS X554LJ";"15""";"External MS";"Ex. Mainstream GPU (15"">)"
"Acer TravelMate P6 (P614-51T)";"14""";"Integrated";"Thin (13""-14"")"
"DELL Inspiron 3583";"15""";"External MS";"Ex. Mainstream GPU (15"">)"
"MSI GL63 8RC";"15""";"External GM";"Gamer GPU (15"">)"
"ASUS ROG GL702VM";"16"">";"External GM";"Gamer GPU (15"">)"
"Acer Predator 17 (G5-793)";"16"">";"External GM";"Gamer GPU (15"">)"
"HP 15-ac000";"15""";"Integrated";"Integrated GPU (15"">)"
"Acer ASPIRE 7 (A717-72G)";"16"">";"External GM";"Gamer GPU (15"">)"
"DELL Vostro 5471";"14""";"External MS";"Thin (13""-14"")"
"HP ZBook 15 G6";"15""";"External Pro";"Prof. WS"
"MSI GP75 Leopard 9SD";"16"">";"External GM";"Gamer GPU (15"">)"
"Acer ASPIRE E5-571G-37FY";"15""";"External MS";"Ex. Mainstream GPU (15"">)"
"MSI PS42 8M";"14""";"Integrated";"Thin (13""-14"")"
"HP PAVILION 15-p200";"15""";"None";"None"
"MSI GL73 9SEK";"16"">";"External GM";"Gamer GPU (15"">)"
"Lenovo IdeaPad 320 17 AMD";"16"">";"Integrated";"Integrated GPU (15"">)"
"Lenovo Legion Y730-15";"15""";"External GM";"Gamer GPU (15"">)"
"ASUS ROG GL752VW";"16"">";"External GM";"Gamer GPU (15"">)"
"HP ZBook 15";"15""";"External Pro";"Prof. WS"
"Lenovo IdeaPad 520 15";"15""";"None";"None"
"Acer Predator Helios 700 (PH717-71)";"16"">";"External GM";"Gamer GPU (15"">)"
"Acer ASPIRE E5-573G-35VR";"15""";"External MS";"Ex. Mainstream GPU (15"">)"
"ASUS VivoBook Max X541NC";"15""";"External MS";"Ex. Mainstream GPU (15"">)"
"HP Envy 15-cp0000 x360";"15""";"Integrated";"Integrated GPU (15"">)"
"ASUS VivoBook Max X541UA";"15""";"Integrated";"Integrated GPU (15"">)"
"DELL LATITUDE 7490";"14""";"Integrated";"Thin (13""-14"")"
"HP 350 G2";"15""";"None";"None"
"Lenovo THINKPAD Edge E595";"15""";"Integrated";"Integrated GPU (15"">)"
"DELL Vostro 3580";"15""";"External MS";"Ex. Mainstream GPU (15"">)"
"Acer Aspire 3 (A315-22G)";"15""";"External MS";"Ex. Mainstream GPU (15"">)"
"ASUS F553MA";"15""";"Integrated";"Integrated GPU (15"">)"
"Acer SWIFT 3 (SF314-52G)";"14""";"External MS";"Thin (13""-14"")"
"Lenovo THINKPAD T495";"14""";"Integrated";"Thin (13""-14"")"
"HP Envy 13-ad100";"13""";"External MS";"Thin (13""-14"")"
"DELL Latitude 5401";"14""";"External MS";"Thin (13""-14"")"
"HP Envy 15-dr0000 x360";"15""";"External MS";"Ex. Mainstream GPU (15"">)"
"MSI GE75 Raider 9SF";"16"">";"External GM";"Gamer GPU (15"">)"
"ASUS ZenBook U310UA";"13""";"Integrated";"Thin (13""-14"")"
"Acer Switch 7 Black Edition SW713-51GNP";"13""";"External MS";"Thin (13""-14"")"
"HP 255 G3";"15""";"Integrated";"Integrated GPU (15"">)"
"Lenovo ThinkPad T480s";"14""";"Integrated";"Thin (13""-14"")"
"Lenovo Legion Y740-17";"16"">";"External GM";"Gamer GPU (15"">)"
"Acer ASPIRE E5-571G-39TX";"15""";"External MS";"Ex. Mainstream GPU (15"">)"
"HP PAVILION 15-bc000";"15""";"External None";"None"
"ASUS ROG GL553VD";"15""";"External GM";"Gamer GPU (15"">)"
"Lenovo IdeaPad 510s 13";"13""";"None";"Thin (13""-14"")"
"Lenovo ThinkPad X1 Yoga (4th Gen)";"14""";"Integrated";"Thin (13""-14"")"
"HP PAVILION 15-bc200";"15""";"External GM";"Gamer GPU (15"">)"
"DELL Inspiron 3595";"15""";"Integrated";"Integrated GPU (15"">)"
"MSI GL62M 7RDX";"15""";"External GM";"Gamer GPU (15"">)"
"MSI GE63 8SF Raider RGB";"15""";"External GM";"Gamer GPU (15"">)"
"DELL LATITUDE 3480";"14""";"None";"Thin (13""-14"")"
"HP EliteBook 840 G6";"14""";"Integrated";"Thin (13""-14"")"
"DELL Vostro 3568";"15""";"Integrated";"Integrated GPU (15"">)"
"Acer SWIFT 5 (SF514-53T)";"14""";"Integrated";"Thin (13""-14"")"
"HP PAVILION 15-au100";"15""";"None";"None"
"Alienware 17 R5";"16"">";"External GM";"Gamer GPU (15"">)"
"Apple MacBook Pro 15 with Retina display Mid 2018";"15""";"External MS";"Ex. Mainstream GPU (15"">)"
"Lenovo V110 15 AMD";"15""";"Integrated";"Integrated GPU (15"">)"
"ASUS VivoBook S15 S530FN";"15""";"External MS";"Ex. Mainstream GPU (15"">)"
"DELL LATITUDE 7390";"13""";"Integrated";"Thin (13""-14"")"
"ASUS ROG GL552VX";"15""";"External GM";"Gamer GPU (15"">)"
"DELL XPS 12 9250";"<12""";"Integrated";"Mini (<12"")"
"HP 17-ak000";"16"">";"None";"None"
"DELL G7 15 7590";"15""";"External GM";"Gamer GPU (15"">)"
"DELL Latitude 5500";"15""";"External MS";"Ex. Mainstream GPU (15"">)"
"HP ZBook x2 G4";"14""";"External Pro";"Prof. WS"
"Acer ASPIRE F5-571G";"15""";"External MS";"Ex. Mainstream GPU (15"">)"
"MSI GL72M 7RDX";"16"">";"External GM";"Gamer GPU (15"">)"
"ASUS ROG GL703";"16"">";"External GM";"Gamer GPU (15"">)"
"Acer SPIN 7 (SP714-51)";"14""";"Integrated";"Thin (13""-14"")"
"HP PAVILION 17-ab000";"16"">";"External GM";"Gamer GPU (15"">)"
"Lenovo THINKPAD T470";"14""";"Integrated";"Thin (13""-14"")"
"DELL Latitude 5491";"14""";"Integrated";"Thin (13""-14"")"
"Lenovo ThinkPad E15";"15""";"External MS";"Ex. Mainstream GPU (15"">)"
"HP 470 G7";"16"">";"External MS";"Ex. Mainstream GPU (15"">)"
"ASUS ROG GL552VW";"15""";"External GM";"Gamer GPU (15"">)"
"ASUS ZenBook 13 UX331FAL";"13""";"Integrated";"Thin (13""-14"")"
"Lenovo G50-45";"15""";"Integrated";"Integrated GPU (15"">)"
"ASUS X751NV";"16"">";"External MS";"Ex. Mainstream GPU (15"">)"
"MSI P65 Creator 9SF";"15""";"External GM";"Gamer GPU (15"">)"
"ASUS R541NA";"15""";"Integrated";"Integrated GPU (15"">)"
"Lenovo Yoga C740-15";"15""";"Integrated";"Integrated GPU (15"">)"
"Razer Blade Pro 17 (2019)";"16"">";"External GM";"Gamer GPU (15"">)"
"Lenovo G50-80";"15""";"None";"None"
"DELL INSPIRON 5575";"15""";"External MS";"Ex. Mainstream GPU (15"">)"
"HP EliteBook 840 G3";"14""";"Integrated";"Thin (13""-14"")"
"KREZ N1303";"13""";"Integrated";"Thin (13""-14"")"
"ASUS ZenBook 3 Deluxe UX3490UA";"14""";"Integrated";"Thin (13""-14"")"
"ASUS X554LA";"15""";"Integrated";"Integrated GPU (15"">)"
"ASUS X555LJ";"15""";"External MS";"Ex. Mainstream GPU (15"">)"
"HP ProBook 430 G3";"13""";"Integrated";"Thin (13""-14"")"
"ASUS VivoBook 15 X542UN";"15""";"External MS";"Ex. Mainstream GPU (15"">)"
"Lenovo ThinkPad L390 Yoga";"13""";"Integrated";"Thin (13""-14"")"
"ASUS ZenBook 15 UX533FN";"15""";"External MS";"Ex. Mainstream GPU (15"">)"
"DELL XPS 13 9360";"13""";"Integrated";"Thin (13""-14"")"
"HP PAVILION 15-ab100";"15""";"External GM";"Gamer GPU (15"">)"
"HP ProBook 650 G5";"15""";"Integrated";"Integrated GPU (15"">)"
"MSI GL73 8RC";"16"">";"External GM";"Gamer GPU (15"">)"
"ASUS ZENBOOK UX305CA";"13""";"Integrated";"Thin (13""-14"")"
"MSI GE62 6QD Apache Pro Heroes";"15""";"External GM";"Gamer GPU (15"">)"
"ASUS ZENBOOK UX305LA";"13""";"Integrated";"Thin (13""-14"")"
"MSI GS70 2PC Stealth";"16"">";"None";"None"
"Acer Nitro 7 (AN715-51)";"15""";"External GM";"Gamer GPU (15"">)"
"Acer Extensa 2510G-38H2";"15""";"External MS";"Ex. Mainstream GPU (15"">)"
"ASUS Zenbook 13 UX331UAL";"13""";"Integrated";"Thin (13""-14"")"
"HP 14-bp100";"14""";"External MS";"Thin (13""-14"")"
"DELL Latitude 3301";"13""";"Integrated";"Thin (13""-14"")"
"ASUS ZenBook S UX391FA";"13""";"Integrated";"Thin (13""-14"")"
"Alienware M15 R2";"15""";"External GM";"Gamer GPU (15"">)"
"HP Spectre 13-ap0000 x360";"13""";"Integrated";"Thin (13""-14"")"
"HP Spectre x360 13-aw0000";"13""";"Integrated";"Thin (13""-14"")"
"Acer Predator Triton 700 (PT715-51)";"15""";"External GM";"Gamer GPU (15"">)"
"ASUS ZenBook Flip UX360CA";"13""";"Integrated";"Thin (13""-14"")"
"ASUS K541UV";"15""";"External MS";"Ex. Mainstream GPU (15"">)"
"DELL Vostro 5390";"13""";"External MS";"Thin (13""-14"")"
"ASUS X555LB";"15""";"None";"None"
"ASUS VivoBook S13 S330UA";"13""";"Integrated";"Thin (13""-14"")"
"DELL Vostro 3583";"15""";"External MS";"Ex. Mainstream GPU (15"">)"
"Acer ASPIRE E5-774G";"16"">";"External MS";"Ex. Mainstream GPU (15"">)"
"MSI GT75 Titan 9SG";"16"">";"External GM";"Gamer GPU (15"">)"
"Apple MacBook Early 2016";"<12""";"Integrated";"Mini (<12"")"
"HP EliteBook x360 1030 G3";"13""";"Integrated";"Thin (13""-14"")"
"ASUS ROG GL502VS";"15""";"External GM";"Gamer GPU (15"">)"
"MSI GE75 8SG Raider";"16"">";"External GM";"Gamer GPU (15"">)"
"DELL INSPIRON 3552";"15""";"Integrated";"Integrated GPU (15"">)"
"ASUS K501UX";"15""";"None";"None"
"HP 340S G7";"14""";"Integrated";"Thin (13""-14"")"
"Lenovo IdeaPad Flex 15";"15""";"None";"None"
"KREZ N1304";"13""";"Integrated";"Thin (13""-14"")"
"Razer Blade 15 Base";"15""";"External GM";"Gamer GPU (15"">)"
"HP ZBook 17 G6";"16"">";"External GM";"Gamer GPU (15"">)"
"Lenovo ThinkPad T490s";"14""";"Integrated";"Thin (13""-14"")"
"DIGMA CITI E400";"14""";"Integrated";"Thin (13""-14"")"
"Lenovo Yoga 500 15";"15""";"External None";"None"
"Acer ASPIRE V3-372";"13""";"Integrated";"Thin (13""-14"")"
"MSI GE75 Raider 9SG";"16"">";"External GM";"Gamer GPU (15"">)"
"HP ZBook 14u G6";"14""";"External Pro";"Prof. WS"
"Lenovo Yoga S940";"14""";"Integrated";"Thin (13""-14"")"
"ASUS X751SJ";"16"">";"External MS";"Ex. Mainstream GPU (15"">)"
"HP EliteBook x360 1030 G2";"13""";"Integrated";"Thin (13""-14"")"
"ASUS VivoBook A540LA";"15""";"Integrated";"Integrated GPU (15"">)"
"DELL Precision 5540";"15""";"External Pro";"Prof. WS"
"Lenovo IdeaPad 110 17 Intel";"16"">";"Integrated";"Integrated GPU (15"">)"
"ASUS ZenBook UX330UA";"13""";"Integrated";"Thin (13""-14"")"
"Lenovo Yoga 900s";"<12""";"Integrated";"Mini (<12"")"
"ASUS VivoBook 14 X405UA";"14""";"Integrated";"Thin (13""-14"")"
"Acer ASPIRE 5 (A515-43G)";"15""";"None";"None"
"MSI GE75 Raider 9SE";"16"">";"External GM";"Gamer GPU (15"">)"
"HP ProBook 640 G2";"14""";"Integrated";"Thin (13""-14"")"
"DELL Inspiron 5390";"13""";"Integrated";"Thin (13""-14"")"
"DELL INSPIRON 3567";"15""";"External MS";"Ex. Mainstream GPU (15"">)"
"MSI GL62M 7REX";"15""";"External GM";"Gamer GPU (15"">)"
"Lenovo B50 10";"None";"Integrated";"None"
"DELL INSPIRON 5758";"None";"Integrated";"None"
"MSI GL73 8SC";"16"">";"External GM";"Gamer GPU (15"">)"
"MSI GE63 8RF Raider RGB";"15""";"External GM";"Gamer GPU (15"">)"
"ASUS TUF Gaming FX505DU";"15""";"External GM";"Gamer GPU (15"">)"
"Acer SWIFT 7";"13""";"Integrated";"Thin (13""-14"")"
"DELL LATITUDE E5420";"14""";"Integrated";"Thin (13""-14"")"
"Lenovo THINKPAD X240 Ultrabook";"<12""";"Integrated";"Mini (<12"")"
"Razer Blade 15 Base (2019)";"15""";"External GM";"Gamer GPU (15"">)"
"HP Envy 13-d100";"13""";"Integrated";"Thin (13""-14"")"
"ASUS ROG GL753";"16"">";"External GM";"Gamer GPU (15"">)"
"Lenovo THINKPAD T570";"15""";"Integrated";"Integrated GPU (15"">)"
"MSI GL63 8SE";"15""";"External GM";"Gamer GPU (15"">)"
"Lenovo IdeaPad Z5075";"15""";"None";"None"
"HP EliteBook 1050 G1";"15""";"External GM";"Gamer GPU (15"">)"
"MSI GF72 8RE";"16"">";"External GM";"Gamer GPU (15"">)"
"Acer ASPIRE ES1-521-26UW";"15""";"Integrated";"Integrated GPU (15"">)"
"HP EliteBook 1040 G3";"14""";"Integrated";"Thin (13""-14"")"
"HP PAVILION Gaming 15-ak000";"15""";"External GM";"Gamer GPU (15"">)"
"HP 17-y000";"16"">";"None";"None"
"Lenovo ThinkPad P52s";"15""";"External Pro";"Prof. WS"
"HP Envy 15-k100";"15""";"External None";"None"
"Acer ASPIRE E5-571G-37BH";"15""";"None";"None"
"Lenovo ThinkPad L580";"15""";"Integrated";"Integrated GPU (15"">)"
"DELL LATITUDE 5590";"15""";"External MS";"Ex. Mainstream GPU (15"">)"
"Lenovo ThinkPad 13 Ultrabook";"13""";"Integrated";"Thin (13""-14"")"
"Panasonic TOUGHBOOK CF-52";"15""";"Integrated";"Integrated GPU (15"">)"
"ASUS ROG Zephyrus GM501";"15""";"External GM";"Gamer GPU (15"">)"
"DELL Vostro 3581";"15""";"External MS";"Ex. Mainstream GPU (15"">)"
"MSI GL75 9SD";"16"">";"External GM";"Gamer GPU (15"">)"
"HP ProBook 640 G3";"14""";"Integrated";"Thin (13""-14"")"
"ASUS FX570";"15""";"External GM";"Gamer GPU (15"">)"
"DELL Vostro 5568";"15""";"External MS";"Ex. Mainstream GPU (15"">)"
"Acer SPIN 5 (SP515-51GN)";"15""";"External GM";"Gamer GPU (15"">)"
"MSI Creator 15M A9SE";"15""";"External GM";"Gamer GPU (15"">)"
"MSI GT62VR 7RE Dominator Pro";"15""";"External GM";"Gamer GPU (15"">)"
"Lenovo B71-80";"16"">";"None";"None"
"Lenovo THINKPAD X220";"<12""";"Integrated";"Mini (<12"")"
"DELL INSPIRON 5558";"None";"None";"None"
"Fujitsu LIFEBOOK S938";"13""";"Integrated";"Thin (13""-14"")"
"Panasonic TOUGHBOOK CF-20";"<12""";"Integrated";"Mini (<12"")"
"Alienware 17";"16"">";"External GM";"Gamer GPU (15"">)"
"HP Spectre 13-v000";"13""";"Integrated";"Thin (13""-14"")"
"Acer Extensa 2508-P4P3";"15""";"Integrated";"Integrated GPU (15"">)"
"DELL Latitude 5591";"15""";"None";"None"
"MSI Creator 15M A9SD";"15""";"External GM";"Gamer GPU (15"">)"
"MSI GL72 6QD";"16"">";"External GM";"Gamer GPU (15"">)"
"HP Star Wars Special Edition 15-an000";"15""";"None";"None"
"Acer ASPIRE E5-571G-59NB";"15""";"External MS";"Ex. Mainstream GPU (15"">)"
"Acer SWIFT 3 (SF314-55G)";"14""";"External MS";"Thin (13""-14"")"
"MSI GF62 8RD";"15""";"External GM";"Gamer GPU (15"">)"
"HP PAVILION 15-bk100 x360";"15""";"Integrated";"Integrated GPU (15"">)"
"DELL INSPIRON 5567";"15""";"External MS";"Ex. Mainstream GPU (15"">)"
"DELL Vostro 5468";"14""";"External MS";"Thin (13""-14"")"
"Acer ASPIRE E5-573G-32MQ";"15""";"External MS";"Ex. Mainstream GPU (15"">)"
"Acer ASPIRE R7-372T-553E";"13""";"Integrated";"Thin (13""-14"")"
"HP OMEN 17-w200";"16"">";"External None";"None"
"Acer ASPIRE E5-571G-36MP";"15""";"External MS";"Ex. Mainstream GPU (15"">)"
"HP EliteBook 745 G6";"14""";"Integrated";"Thin (13""-14"")"
"ASUS X756UQ";"16"">";"None";"None"
"Lenovo ThinkPad X1 Yoga (3rd Gen)";"14""";"Integrated";"Thin (13""-14"")"
"MSI GT75 8RG Titan";"16"">";"External GM";"Gamer GPU (15"">)"
"DELL LATITUDE 5289";"<12""";"Integrated";"Mini (<12"")"
"ASUS ROG GL504GM";"15""";"External GM";"Gamer GPU (15"">)"
"ASUS ROG GL704";"16"">";"External GM";"Gamer GPU (15"">)"
"HP EliteBook 850 G4";"15""";"External MS";"Ex. Mainstream GPU (15"">)"
"DELL XPS 13 9365 2-in-1";"13""";"Integrated";"Thin (13""-14"")"
"ASUS FX502VM";"15""";"External GM";"Gamer GPU (15"">)"
"MSI GE63 Raider RGB 9SF";"15""";"External GM";"Gamer GPU (15"">)"
"DELL INSPIRON 5767";"16"">";"External GM";"Gamer GPU (15"">)"
"ASUS N551VW";"15""";"External GM";"Gamer GPU (15"">)"
"DELL XPS 13 9370";"13""";"Integrated";"Thin (13""-14"")"
"ASUS Zenbook 3 Deluxe UX490UAR";"14""";"Integrated";"Thin (13""-14"")"
"HP OMEN X 15-dg0000";"15""";"External GM";"Gamer GPU (15"">)"
"Apple MacBook Pro 13 with Retina display and Touch Bar Mid 2017";"13""";"Integrated";"Thin (13""-14"")"
"HP ProBook 640 G5";"14""";"Integrated";"Thin (13""-14"")"
"HP ProBook 450 G3";"15""";"None";"None"
"MSI GS73 8RE Stealth";"16"">";"External GM";"Gamer GPU (15"">)"
"Acer ASPIRE E1-532-29572G50Mn";"15""";"Integrated";"Integrated GPU (15"">)"
"ASUS ZENBOOK UX305UA";"13""";"Integrated";"Thin (13""-14"")"
"ASUS R541UJ";"15""";"External MS";"Ex. Mainstream GPU (15"">)"
"DELL Precision 7740";"16"">";"External GM";"Gamer GPU (15"">)"
"Acer Predator 17X (GX-792)";"16"">";"External GM";"Gamer GPU (15"">)"
"Lenovo IdeaPad Yoga 3 11";"<12""";"Integrated";"Mini (<12"")"
"Microsoft Surface Book";"13""";"None";"Thin (13""-14"")"
"DELL LATITUDE 3590";"15""";"External MS";"Ex. Mainstream GPU (15"">)"
"Alienware M15";"15""";"External GM";"Gamer GPU (15"">)"
"Lenovo IdeaPad 720s 13";"13""";"Integrated";"Thin (13""-14"")"
"MSI PS42 8RB";"14""";"External MS";"Thin (13""-14"")"
"MSI GL73 8RD";"16"">";"External GM";"Gamer GPU (15"">)"
"DELL XPS 15";"15""";"None";"None"
"MSI GL63 9SC";"15""";"External GM";"Gamer GPU (15"">)"
"Lenovo B51-80";"15""";"None";"None"
"DELL XPS 13 9350";"13""";"Integrated";"Thin (13""-14"")"
"MSI GP73 8RE Leopard";"16"">";"External GM";"Gamer GPU (15"">)"
"DELL Vostro 3558";"15""";"Integrated";"Integrated GPU (15"">)"
"Lenovo Flex 5 15";"15""";"Integrated";"Integrated GPU (15"">)"
"DELL Latitude 3500";"15""";"External MS";"Ex. Mainstream GPU (15"">)"
"ASUS X751SV";"16"">";"External MS";"Ex. Mainstream GPU (15"">)"
"DELL INSPIRON 3565";"15""";"Integrated";"Integrated GPU (15"">)"
"HP EliteBook 735 G6";"13""";"Integrated";"Thin (13""-14"")"
"Lenovo ThinkPad P52";"15""";"External Pro";"Prof. WS"
"Lenovo IdeaPad Flex 2 Pro";"15""";"External MS";"Ex. Mainstream GPU (15"">)"
"Panasonic TOUGHBOOK CF-33";"<12""";"Integrated";"Mini (<12"")"
"HP 17-p000";"16"">";"Integrated";"Integrated GPU (15"">)"
"ASUS K751";"16"">";"None";"None"
"MSI P65 Creator 9SD";"15""";"External GM";"Gamer GPU (15"">)"
"DELL INSPIRON 3542";"15""";"External MS";"Ex. Mainstream GPU (15"">)"
"DELL INSPIRON 7559";"15""";"External GM";"Gamer GPU (15"">)"
"MSI GP65 Leopard 9SE";"15""";"External GM";"Gamer GPU (15"">)"
"HP PAVILION 17-ab200";"16"">";"External GM";"Gamer GPU (15"">)"
"MSI GS65 Stealth 9SG";"15""";"External GM";"Gamer GPU (15"">)"
"MSI GS75 Stealth 9SG";"16"">";"External GM";"Gamer GPU (15"">)"
"DELL Vostro 3578";"15""";"External MS";"Ex. Mainstream GPU (15"">)"
"MSI GP63 8RE Leopard";"15""";"External GM";"Gamer GPU (15"">)"
"Lenovo Yoga C930";"13""";"Integrated";"Thin (13""-14"")"
"MSI GS75 Stealth 8SE";"16"">";"External GM";"Gamer GPU (15"">)"
"Acer ASPIRE E5-571G-539K";"15""";"External MS";"Ex. Mainstream GPU (15"">)"
"Acer ASPIRE E5-573G-39NW";"15""";"None";"None"
"HP PAVILION 15-br000 x360";"15""";"None";"None"
"Lenovo THINKPAD L570";"15""";"Integrated";"Integrated GPU (15"">)"
"Panasonic TOUGHBOOK CF-19 10.4""";"<12""";"Integrated";"Mini (<12"")"
"HP 14-ck1000";"14""";"External MS";"Thin (13""-14"")"
"Acer Extensa EX2511";"15""";"Integrated";"Integrated GPU (15"">)"
"DELL INSPIRON 3576";"15""";"External MS";"Ex. Mainstream GPU (15"">)"
"Alienware 15";"15""";"External GM";"Gamer GPU (15"">)"
"Lenovo IdeaPad Yoga 2 13";"13""";"Integrated";"Thin (13""-14"")"
"HP ZBook 15 G5";"15""";"External Pro";"Prof. WS"
"MSI GT63 Titan 9SG";"15""";"External GM";"Gamer GPU (15"">)"
"Acer Swift 7 (SF714-52T)";"14""";"Integrated";"Thin (13""-14"")"
"MSI GE75 8SE Raider";"16"">";"External GM";"Gamer GPU (15"">)"
"MSI GS65 Stealth Thin 8RE";"15""";"External GM";"Gamer GPU (15"">)"
"DELL Latitude 7300";"13""";"Integrated";"Thin (13""-14"")"
"HP EliteBook 820 G4";"<12""";"Integrated";"Mini (<12"")"
"ASUS ROG Strix GL702VI";"16"">";"External GM";"Gamer GPU (15"">)"
"MSI GT75VR 7RF Titan Pro";"16"">";"External GM";"Gamer GPU (15"">)"
"ASUS ROG SCAR II Edition GL764GW";"16"">";"External GM";"Gamer GPU (15"">)"
"HP ProBook 640 G4";"14""";"Integrated";"Thin (13""-14"")"
"ASUS X556UA";"15""";"Integrated";"Integrated GPU (15"">)"
"MSI P75 Creator 9SD";"16"">";"External GM";"Gamer GPU (15"">)"
"HP EliteBook x360 830 G6";"13""";"Integrated";"Thin (13""-14"")"
"HP Envy 17-ce0000";"16"">";"External MS";"Ex. Mainstream GPU (15"">)"
"Haier LightBook S314";"13""";"Integrated";"Thin (13""-14"")"
"HP 6510b";"14""";"Integrated";"Thin (13""-14"")"
"DELL PRECISION M7520";"15""";"External None";"None"
"ASUS X407UB";"14""";"External MS";"Thin (13""-14"")"
"Acer ASPIRE E5-521-42HT";"15""";"Integrated";"Integrated GPU (15"">)"
"HP ZBook 15u G6";"15""";"External Pro";"Prof. WS"
"Lenovo IdeaPad 300 17";"16"">";"Integrated";"Integrated GPU (15"">)"
"Lenovo ThinkPad L480";"14""";"Integrated";"Thin (13""-14"")"
"MSI GF62 8RE";"15""";"External GM";"Gamer GPU (15"">)"
"DELL XPS 15 9550";"15""";"None";"None"
"HP EliteBook 735 G5";"13""";"Integrated";"Thin (13""-14"")"
"ASUS ZenBook 3 Deluxe UX490UA";"14""";"Integrated";"Thin (13""-14"")"
"ASUS Zenbook BX433FN";"14""";"External MS";"Thin (13""-14"")"
"Acer TravelMate P6 (TMP648-G3-M)";"14""";"Integrated";"Thin (13""-14"")"
"Lenovo B51-30";"15""";"None";"None"
"MSI GE65 Raider 9SF";"15""";"External GM";"Gamer GPU (15"">)"
"ASUS ROG G501VW";"15""";"External None";"None"
"Lenovo Yoga 720 15";"15""";"None";"None"
"HP ZBook 15u G5";"15""";"External Pro";"Prof. WS"
"HP ProBook 650 G4";"15""";"Integrated";"Integrated GPU (15"">)"
"HP EliteBook x360 1030 G4";"13""";"Integrated";"Thin (13""-14"")"
"HP ZBook 14u G5";"14""";"None";"Thin (13""-14"")"
"MSI GS65 Stealth 8SG";"15""";"External GM";"Gamer GPU (15"">)"
"DELL INSPIRON 5565";"15""";"External MS";"Ex. Mainstream GPU (15"">)"
"MSI WT75 8SM";"16"">";"External Pro";"Prof. WS"
"Getac V110";"<12""";"Integrated";"Mini (<12"")"
"HP ZBook 15v G5";"15""";"External Pro";"Prof. WS"
"DELL INSPIRON 3558";"15""";"Integrated";"Integrated GPU (15"">)"
"MSI GE63VR 7RF Raider";"15""";"External GM";"Gamer GPU (15"">)"
"ASUS ROG Zephyrus GX501GI";"15""";"External GM";"Gamer GPU (15"">)"
"Apple MacBook Early 2015";"<12""";"Integrated";"Mini (<12"")"
"Acer TravelMate P2 (TMP2410-G2-M)";"14""";"Integrated";"Thin (13""-14"")"
"Acer ASPIRE E5-573G-528S";"15""";"External MS";"Ex. Mainstream GPU (15"">)"
"Acer Nitro 5 Spin (NP515-51)";"15""";"External GM";"Gamer GPU (15"">)"
"Acer ASPIRE E5-772G-32DL";"16"">";"External MS";"Ex. Mainstream GPU (15"">)"
"ASUS ROG Strix G731GU";"16"">";"None";"None"
"MSI GP73 8RD Leopard";"16"">";"External GM";"Gamer GPU (15"">)"
"MSI GP65 Leopard 9SD";"15""";"External GM";"Gamer GPU (15"">)"
"ASUS K540LJ";"15""";"External MS";"Ex. Mainstream GPU (15"">)"
"MSI GF63 Thin 9SC";"15""";"External GM";"Gamer GPU (15"">)"
"Alienware 15 R2";"15""";"External GM";"Gamer GPU (15"">)"
"Lenovo Yoga 900 13";"13""";"Integrated";"Thin (13""-14"")"
"Apple MacBook Pro 15 with Retina display Mid 2017";"15""";"External MS";"Ex. Mainstream GPU (15"">)"
"ASUS X555UF";"15""";"External MS";"Ex. Mainstream GPU (15"">)"
"DELL LATITUDE 7414";"15""";"Integrated";"Integrated GPU (15"">)"
"Acer ASPIRE 3 (A315-31)";"15""";"Integrated";"Integrated GPU (15"">)"
"HP ProBook 455 G5";"15""";"Integrated";"Integrated GPU (15"">)"
"MSI GT73EVR 7RE Titan";"16"">";"External GM";"Gamer GPU (15"">)"
"ASUS ROG GL502VT";"15""";"None";"None"
"MSI GT83VR 7RE Titan SLI";"16"">";"External GM";"Gamer GPU (15"">)"
"ASUS Zenbook UX310UF";"13""";"External MS";"Thin (13""-14"")"
"Lenovo V110 14 Intel";"14""";"Integrated";"Thin (13""-14"")"
"ASUS ROG G701VIK";"16"">";"External GM";"Gamer GPU (15"">)"
"MSI P65 Creator 9SG";"15""";"External GM";"Gamer GPU (15"">)"
"MSI GT63 Titan 8RF";"15""";"External GM";"Gamer GPU (15"">)"
"Acer SPIN 5 (SP515-51N)";"15""";"Integrated";"Integrated GPU (15"">)"
"Lenovo IdeaPad 510s 14";"14""";"None";"Thin (13""-14"")"
"Getac X500";"15""";"Integrated";"Integrated GPU (15"">)"
"Lenovo ThinkPad P51";"15""";"External None";"None"
"MSI GE63 8RE Raider RGB";"15""";"External GM";"Gamer GPU (15"">)"
"MSI GS65 Stealth 8SF";"15""";"External GM";"Gamer GPU (15"">)"
"Acer ASPIRE ES1-521-634P";"15""";"Integrated";"Integrated GPU (15"">)"
"HP EliteBook x360 1040 G6";"14""";"Integrated";"Thin (13""-14"")"
"Lenovo THINKPAD X1 Yoga";"14""";"Integrated";"Thin (13""-14"")"
"Lenovo ThinkPad X380 Yoga";"13""";"Integrated";"Thin (13""-14"")"
"MSI GF75 THIN 9SC";"16"">";"External GM";"Gamer GPU (15"">)"
"Acer Predator 15 (G9-592)";"15""";"External GM";"Gamer GPU (15"">)"
"Acer TravelMate P2 (TMP2510-G2-M)";"15""";"Integrated";"Integrated GPU (15"">)"
"Acer ASPIRE E5-571G-32BH";"15""";"External MS";"Ex. Mainstream GPU (15"">)"
"DELL PRECISION 3530";"15""";"External Pro";"Prof. WS"
"Acer TravelMate P4 (TMP449-G3-M)";"14""";"Integrated";"Thin (13""-14"")"
"HP EliteBook 830 G6";"13""";"Integrated";"Thin (13""-14"")"
"Acer ASPIRE E5-573-C68M";"15""";"Integrated";"Integrated GPU (15"">)"
"Acer TravelMate P2 (TMP278-MG)";"16"">";"External MS";"Ex. Mainstream GPU (15"">)"
"HP ZBook 15u G3";"15""";"None";"None"
"Acer ASPIRE E5-573G-34JQ";"15""";"External MS";"Ex. Mainstream GPU (15"">)"
"HP EliteBook x360 1040 G5";"14""";"Integrated";"Thin (13""-14"")"
"MSI GT73EVR 7RF Titan Pro";"16"">";"External GM";"Gamer GPU (15"">)"
"DELL LATITUDE D430";"None";"Integrated";"None"
"ASUS FX553VD";"15""";"External GM";"Gamer GPU (15"">)"
"MSI WE75 9TK";"16"">";"External GM";"Gamer GPU (15"">)"
"MSI GL72 6QF";"16"">";"External GM";"Gamer GPU (15"">)"
"Acer ASPIRE E5-571G-366P";"15""";"External MS";"Ex. Mainstream GPU (15"">)"
"MSI GV62 8RD";"15""";"External GM";"Gamer GPU (15"">)"
"Acer Nitro 5 (AN515-53)";"15""";"External None";"None"
"ASUS VivoBook 17 X705UV";"16"">";"External MS";"Ex. Mainstream GPU (15"">)"
"Acer ASPIRE ES1-520-51WB";"15""";"Integrated";"Integrated GPU (15"">)"
"ASUS ZenBook UX410UQ";"14""";"External MS";"Thin (13""-14"")"
"ASUS N551JB";"15""";"External MS";"Ex. Mainstream GPU (15"">)"
"ASUS K556UQ";"15""";"External MS";"Ex. Mainstream GPU (15"">)"
"HP Envy 13-aq1000";"13""";"None";"Thin (13""-14"")"
"Acer ASPIRE E5-521-45Q4";"15""";"Integrated";"Integrated GPU (15"">)"
"ASUS K555LI";"15""";"External MS";"Ex. Mainstream GPU (15"">)"
"MSI GT80S 6QD Titan SLI";"16"">";"None";"None"
"ASUS A553SA";"15""";"Integrated";"Integrated GPU (15"">)"
"Acer ASPIRE E5-571G-34J9";"15""";"External MS";"Ex. Mainstream GPU (15"">)"
"Acer ASPIRE E5-571-33PQ";"15""";"Integrated";"Integrated GPU (15"">)"
"Acer ASPIRE E5-573-34JQ";"15""";"External MS";"Ex. Mainstream GPU (15"">)"
"MSI GL75 9SEK";"16"">";"External GM";"Gamer GPU (15"">)"
"MSI GV62VR 7RF";"15""";"External GM";"Gamer GPU (15"">)"
"DELL XPS 15 9575";"15""";"External GM";"Gamer GPU (15"">)"
"HP Chromebook 14-q000";"14""";"Integrated";"Thin (13""-14"")"
"DELL Precision 3541";"15""";"External Pro";"Prof. WS"
"Acer ASPIRE E5-571G-31VE";"15""";"External MS";"Ex. Mainstream GPU (15"">)"
"MSI GP72 7RDX Leopard";"16"">";"External GM";"Gamer GPU (15"">)"
"Acer Extensa EX2520";"15""";"Integrated";"Integrated GPU (15"">)"
"Panasonic Toughbook CF-54";"14""";"Integrated";"Thin (13""-14"")"
"HP ZBook Studio G4";"15""";"External Pro";"Prof. WS"
"MSI GS63VR 7RF Stealth Pro";"15""";"External GM";"Gamer GPU (15"">)"
"Alienware 17 R4";"16"">";"External GM";"Gamer GPU (15"">)"
"MSI PL60 7RD";"15""";"External GM";"Gamer GPU (15"">)"
"Acer ASPIRE ES1-522-46WN";"15""";"Integrated";"Integrated GPU (15"">)"
"MSI GE75 Raider 8RF";"16"">";"External GM";"Gamer GPU (15"">)"
"MSI GT73VR 6RF Titan Pro";"16"">";"External GM";"Gamer GPU (15"">)"
"Lenovo IdeaPad 110 14";"14""";"Integrated";"Thin (13""-14"")"
"DELL LATITUDE 7370";"13""";"Integrated";"Thin (13""-14"")"
"MSI GL62MVR 7RFX";"15""";"External GM";"Gamer GPU (15"">)"
"MSI GV62 8RC";"15""";"External GM";"Gamer GPU (15"">)"
"HP PAVILION 14-dd0000 x360";"14""";"Integrated";"Thin (13""-14"")"
"GIGABYTE AORUS X9";"15""";"External GM";"Gamer GPU (15"">)"
"Panasonic TOUGHBOOK CF-19 10.1""";"<12""";"Integrated";"Mini (<12"")"
"Acer ASPIRE E5-571-3980";"15""";"Integrated";"Integrated GPU (15"">)"
"Acer TravelMate P4 (TMP449-G3-MG)";"14""";"External MS";"Thin (13""-14"")"
"Acer ASPIRE E5-532-C7VP";"15""";"Integrated";"Integrated GPU (15"">)"
"Lenovo THINKPAD X1 YOGA (2nd Gen)";"14""";"Integrated";"Thin (13""-14"")"
"Acer ASPIRE E5-573G-31V3";"15""";"External MS";"Ex. Mainstream GPU (15"">)"
"Acer ASPIRE E5-772G-31T6";"16"">";"External MS";"Ex. Mainstream GPU (15"">)"
"Acer ASPIRE E5-772G-32CD";"16"">";"External MS";"Ex. Mainstream GPU (15"">)"
"DELL Latitude 7400 2-in-1";"14""";"Integrated";"Thin (13""-14"")"
"MSI GT73VR 6RE Titan";"16"">";"External GM";"Gamer GPU (15"">)"
"Alienware 15 R3";"15""";"External GM";"Gamer GPU (15"">)"
"ASUS R541UA";"15""";"Integrated";"Integrated GPU (15"">)"
"ASUS VivoBook Max F541UV";"15""";"External MS";"Ex. Mainstream GPU (15"">)"
"ASUS X555UA";"15""";"Integrated";"Integrated GPU (15"">)"
"Acer ASPIRE ES1-571-C3N5";"15""";"Integrated";"Integrated GPU (15"">)"
"Acer ASPIRE E5-573G-53ZF";"15""";"External MS";"Ex. Mainstream GPU (15"">)"
"HP EliteBook 8560w";"15""";"External Pro";"Prof. WS"
"Acer ASPIRE ES1-522-40A0";"15""";"Integrated";"Integrated GPU (15"">)"
"MSI GE63 8SG Raider RGB";"15""";"External GM";"Gamer GPU (15"">)"
"DELL Precision 3540";"15""";"External Pro";"Prof. WS"
"Acer ASPIRE E5-532-P9Y5";"15""";"Integrated";"Integrated GPU (15"">)"
"ASUS VivoBook 15 X505ZA";"15""";"Integrated";"Integrated GPU (15"">)"
"Acer ASPIRE E5-573G-51GS";"15""";"External MS";"Ex. Mainstream GPU (15"">)"
"Acer ASPIRE E5-571-39R5";"15""";"Integrated";"Integrated GPU (15"">)"
"ASUS X756UB";"16"">";"None";"None"
"ASUS R540LA";"15""";"Integrated";"Integrated GPU (15"">)"
"Acer ASPIRE E5-772-34B4";"16"">";"Integrated";"Integrated GPU (15"">)"
"Acer ASPIRE ES1-520-542Z";"15""";"Integrated";"Integrated GPU (15"">)"
"Acer ASPIRE E5-521-493T";"15""";"Integrated";"Integrated GPU (15"">)"
"Acer ASPIRE E5-573G-56SG";"15""";"External MS";"Ex. Mainstream GPU (15"">)"
"DELL LATITUDE 7390 2-in-1";"13""";"Integrated";"Thin (13""-14"")"
"Acer ASPIRE E5-571-32M4";"15""";"Integrated";"Integrated GPU (15"">)"
"Acer ASPIRE E5-532-P8N6";"15""";"Integrated";"Integrated GPU (15"">)"
"Acer Extensa 2510G-345E";"15""";"External MS";"Ex. Mainstream GPU (15"">)"
"Acer ASPIRE E5-571G-34SL";"15""";"None";"None"
"Acer ASPIRE F5-573G-53DG";"15""";"External MS";"Ex. Mainstream GPU (15"">)"
"Acer ASPIRE ES1-571-58HY";"15""";"Integrated";"Integrated GPU (15"">)"
"HP ZBook 17 G5";"16"">";"External Pro";"Prof. WS"
"MSI GT80S 6QE Titan SLI";"16"">";"None";"None"
"DELL LATITUDE 7290";"<12""";"Integrated";"Mini (<12"")"
"ASUS ROG G752VS";"16"">";"External GM";"Gamer GPU (15"">)"
"DELL PRECISION 7730";"16"">";"External Pro";"Prof. WS"
"MSI GE63 8SE Raider RGB";"15""";"External GM";"Gamer GPU (15"">)"
"DELL LATITUDE D531";"15""";"Integrated";"Integrated GPU (15"">)"
"Acer ASPIRE E5-573G-50XA";"15""";"External MS";"Ex. Mainstream GPU (15"">)"
"MSI GV62 8RE";"15""";"External GM";"Gamer GPU (15"">)"
"ASUS R558UF";"15""";"External MS";"Ex. Mainstream GPU (15"">)"
"MSI GS73 8RF Stealth";"16"">";"External GM";"Gamer GPU (15"">)"
"Acer ASPIRE E5-571G-30G2";"15""";"External MS";"Ex. Mainstream GPU (15"">)"
"Acer ASPIRE R5-471T-52ES";"14""";"Integrated";"Thin (13""-14"")"
"Acer ASPIRE F5-571-P6TK";"15""";"Integrated";"Integrated GPU (15"">)"
"MSI GE72VR 7RF Apache Pro";"16"">";"External GM";"Gamer GPU (15"">)"
"MSI GS73 7RE Stealth Pro";"16"">";"External GM";"Gamer GPU (15"">)"
"Acer ASPIRE ES1-522-495D";"15""";"Integrated";"Integrated GPU (15"">)"
"Acer ASPIRE E5-523-6973";"15""";"Integrated";"Integrated GPU (15"">)"
"Fujitsu-Siemens LIFEBOOK S6410";"13""";"None";"Thin (13""-14"")"
"Acer ASPIRE E5-573G-31P0";"15""";"External MS";"Ex. Mainstream GPU (15"">)"
"Acer ASPIRE ES1-522-45UD";"15""";"Integrated";"Integrated GPU (15"">)"
"MSI GE62 7RE Camo Squad Limited Edition";"15""";"External GM";"Gamer GPU (15"">)"
"Acer TravelMate X5 (TMX514-51)";"14""";"Integrated";"Thin (13""-14"")"
"Acer ASPIRE F5-571-C98R";"15""";"Integrated";"Integrated GPU (15"">)"
"Acer ASPIRE ES1-571-36ZX";"15""";"Integrated";"Integrated GPU (15"">)"
"HP EliteBook x360 830 G5";"13""";"Integrated";"Thin (13""-14"")"
"Acer ASPIRE E5-573G-380H";"15""";"External MS";"Ex. Mainstream GPU (15"">)"
"Acer ASPIRE E5-573G-36VL";"15""";"External MS";"Ex. Mainstream GPU (15"">)"
"Acer ASPIRE E5-774-38DF";"16"">";"Integrated";"Integrated GPU (15"">)"
"MSI GS73VR 7RF Stealth Pro";"16"">";"None";"None"
"Acer ASPIRE E5-573-57Y6";"15""";"Integrated";"Integrated GPU (15"">)"
"ASUS R558UQ";"15""";"External MS";"Ex. Mainstream GPU (15"">)"
"Acer ASPIRE E5-573-331J";"15""";"External MS";"Ex. Mainstream GPU (15"">)"
"Acer ASPIRE E5-574-58JM";"15""";"Integrated";"Integrated GPU (15"">)"
"MSI WE73 8SJ";"16"">";"External Pro";"Prof. WS"
"Acer ASPIRE E5-573G-33T6";"15""";"External MS";"Ex. Mainstream GPU (15"">)"
"MSI PE62 7RD";"15""";"External GM";"Gamer GPU (15"">)"
"Acer ASPIRE E5-573-372Y";"15""";"Integrated";"Integrated GPU (15"">)"
"HP ProBook 6460b";"14""";"Integrated";"Thin (13""-14"")"
"Acer ASPIRE E5-573G-39RL";"15""";"External MS";"Ex. Mainstream GPU (15"">)"
"Acer ASPIRE E5-772G-30D7";"16"">";"External MS";"Ex. Mainstream GPU (15"">)"
"Acer ASPIRE E5-571G-33X8";"15""";"External MS";"Ex. Mainstream GPU (15"">)"
"Panasonic TOUGHBOOK CF-XZ6";"<12""";"Integrated";"Mini (<12"")"
"DELL PRECISION 7530";"15""";"External Pro";"Prof. WS"
"Acer ASPIRE ES1-571-326A";"15""";"Integrated";"Integrated GPU (15"">)"
"Acer ASPIRE E5-573G-352D";"15""";"External MS";"Ex. Mainstream GPU (15"">)"
"Acer ASPIRE E5-573G-598B";"15""";"External MS";"Ex. Mainstream GPU (15"">)"
"Acer ASPIRE E5-573G-376D";"15""";"External MS";"Ex. Mainstream GPU (15"">)"
"MSI GF63 Thin 8RCS";"15""";"External GM";"Gamer GPU (15"">)"
"HP ZBook Studio G3";"15""";"None";"None"
"Acer ASPIRE E5-774-35NA";"16"">";"Integrated";"Integrated GPU (15"">)"
"Acer ASPIRE E5-573G-39HC";"15""";"Integrated";"Integrated GPU (15"">)"
"Acer ASPIRE E5-573-P0EB";"15""";"Integrated";"Integrated GPU (15"">)"
"Acer ASPIRE E5-573G-37HW";"15""";"External MS";"Ex. Mainstream GPU (15"">)"
"Acer ASPIRE E5-573-314H";"15""";"Integrated";"Integrated GPU (15"">)"
"Acer ASPIRE E5-573-365Z";"15""";"Integrated";"Integrated GPU (15"">)"
"Acer ASPIRE E5-772-348N";"16"">";"Integrated";"Integrated GPU (15"">)"
"Acer ASPIRE E5-573G-371M";"15""";"External MS";"Ex. Mainstream GPU (15"">)"
"Acer ASPIRE E5-575-325R";"15""";"Integrated";"Integrated GPU (15"">)"
"HP ZBook 17 G4";"16"">";"External Pro";"Prof. WS"
"Acer ASPIRE E5-573G-358T";"15""";"External MS";"Ex. Mainstream GPU (15"">)"
"HP nc6400";"14""";"Integrated";"Thin (13""-14"")"
"ASUS ROG STRIX SCAR II GL564";"15""";"External GM";"Gamer GPU (15"">)"
"MSI GT72 6QE Dominator Pro G";"16"">";"External GM";"Gamer GPU (15"">)"
"MSI GV72VR 7RF";"16"">";"External GM";"Gamer GPU (15"">)"
"DELL LATITUDE 7280";"<12""";"Integrated";"Mini (<12"")"
"HP Spectre Pro x360 G1";"13""";"Integrated";"Thin (13""-14"")"
"MSI WS75 9TJ";"16"">";"External Pro";"Prof. WS"
"MSI GT63 8SG Titan";"15""";"External GM";"Gamer GPU (15"">)"
"HP Chromebook 13 G1";"13""";"Integrated";"Thin (13""-14"")"
"DIGMA CITI E302";"13""";"Integrated";"Thin (13""-14"")"
"MSI WE73 8SK";"16"">";"External Pro";"Prof. WS"
"MSI WS75 9TK";"16"">";"External GM";"Gamer GPU (15"">)"
"MSI P65 Creator 8SF";"15""";"External GM";"Gamer GPU (15"">)"
"DELL Latitude 5300 2-in-1";"13""";"Integrated";"Thin (13""-14"")"
"HP ZBook 15u G4";"15""";"None";"None"
"MSI WT73VR 7RM";"16"">";"External Pro";"Prof. WS"
"MSI GT73VR 6RE Titan SLI";"16"">";"External GM";"Gamer GPU (15"">)"
"MSI GT62VR 6RE Dominator Pro";"15""";"External GM";"Gamer GPU (15"">)"
"MSI GL63 8RE";"15""";"External GM";"Gamer GPU (15"">)"
"MSI PE60 6QD";"15""";"External GM";"Gamer GPU (15"">)"
"MSI WT75 8SL";"16"">";"External Pro";"Prof. WS"
"MSI GT63 8SF Titan";"15""";"External GM";"Gamer GPU (15"">)"
"ASUS ROG Zephyrus GX501VS";"15""";"None";"None"
"HP EliteBook 2560p";"<12""";"Integrated";"Mini (<12"")"
"DIGMA EVE 605";"15""";"Integrated";"Integrated GPU (15"">)"
"Apple MacBook Pro 13 with Retina display Late 2016";"13""";"Integrated";"Thin (13""-14"")"
"MSI WS63 8SK";"15""";"External Pro";"Prof. WS"
"DELL LATITUDE D630";"14""";"Integrated";"Thin (13""-14"")"
"MSI GL73 9SDK";"16"">";"External GM";"Gamer GPU (15"">)"
"MSI PE62 8RC";"15""";"External GM";"Gamer GPU (15"">)"
"DELL INSPIRON 5559";"15""";"None";"None"
"Microsoft Surface Book with Performance Base";"13""";"External GM";"Thin (13""-14"")"
"HP EliteBook 2530p";"<12""";"Integrated";"Mini (<12"")"
